condition,pid,gender,choices,outcomes,risk_series,reveal_series,alt_series,cum_risk_series,cum_reveal_series,cum_alt_series
tDCS_0_load_0,7062025,Male,"['A', 'B', 'A', 'R', 'B', 'R', 'R', 'B', 'B', 'B', 'R', 'R', 'A', 'R', 'B', 'B', 'R', 'B', 'B', 'R', 'B', 'R', 'B', 'B', 'B', 'R', 'B', 'B', 'B', 'A', 'R', 'A', 'B', 'R', 'A', 'R', 'B', 'A', 'B', 'B', 'B', 'R', 'R', 'R', 'R', 'A', 'R', 'R', 'A', 'B']","[3.731, 3.398, 4.334, 3.125, 3.734, 3.63, 3.384, 4.448, 3.179, 2.789, 4.782, 3.897, 3.343, 3.812, 4.19, 3.577, 4.231, 2.87, 3.112, 2.799, 3.653, 4.02, 3.045, 3.798, 3.599, 2.951, 3.384, 2.432, 2.499, 3.599, 4.153, 2.735, 3.137, 4.792, 3.742, 3.99, 2.83, 4.154, 3.593, 2.315, 4.587, 2.882, 2.932, 2.718, 3.895, 3.612, 2.889, 3.864, 3.951, 3.313]","[0, 1, 0, 0, 1, 0, 0, 1, 1, 1, 0, 0, 0, 0, 1, 1, 0, 1, 1, 0, 1, 0, 1, 1, 1, 0, 1, 1, 1, 0, 0, 0, 1, 0, 0, 0, 1, 0, 1, 1, 1, 0, 0, 0, 0, 0, 0, 0, 0, 1]","[0, 0, 0, 1, 0, 1, 1, 0, 0, 0, 1, 1, 0, 1, 0, 0, 1, 0, 0, 1, 0, 1, 0, 0, 0, 1, 0, 0, 0, 0, 1, 0, 0, 1, 0, 1, 0, 0, 0, 0, 0, 1, 1, 1, 1, 0, 1, 1, 0, 0]","[0, 1, 1, 0, 1, 0, 0, 0, 0, 0, 0, 0, 1, 0, 1, 0, 0, 0, 0, 0, 0, 0, 0, 0, 0, 0, 0, 0, 0, 1, 0, 0, 1, 0, 1, 0, 1, 1, 1, 0, 0, 0, 0, 0, 0, 1, 0, 0, 0, 1]","[0.0, 0.5, 0.3333333333333333, 0.25, 0.4, 0.3333333333333333, 0.2857142857142857, 0.375, 0.4444444444444444, 0.5, 0.45454545454545453, 0.4166666666666667, 0.38461538461538464, 0.35714285714285715, 0.4, 0.4375, 0.4117647058823529, 0.4444444444444444, 0.47368421052631576, 0.45, 0.47619047619047616, 0.45454545454545453, 0.4782608695652174, 0.5, 0.52, 0.5, 0.5185185185185185, 0.5357142857142857, 0.5517241379310345, 0.5333333333333333, 0.5161290322580645, 0.5, 0.5151515151515151, 0.5, 0.4857142857142857, 0.4722222222222222, 0.4864864864864865, 0.47368421052631576, 0.48717948717948717, 0.5, 0.5121951219512195, 0.5, 0.4883720930232558, 0.4772727272727273, 0.4666666666666667, 0.45652173913043476, 0.44680851063829785, 0.4375, 0.42857142857142855, 0.44]","[0.0, 0.0, 0.0, 0.25, 0.2, 0.3333333333333333, 0.42857142857142855, 0.375, 0.3333333333333333, 0.3, 0.36363636363636365, 0.4166666666666667, 0.38461538461538464, 0.42857142857142855, 0.4, 0.375, 0.4117647058823529, 0.3888888888888889, 0.3684210526315789, 0.4, 0.38095238095238093, 0.4090909090909091, 0.391304347826087, 0.375, 0.36, 0.38461538461538464, 0.37037037037037035, 0.35714285714285715, 0.3448275862068966, 0.3333333333333333, 0.3548387096774194, 0.34375, 0.3333333333333333, 0.35294117647058826, 0.34285714285714286, 0.3611111111111111, 0.35135135135135137, 0.34210526315789475, 0.3333333333333333, 0.325, 0.3170731707317073, 0.3333333333333333, 0.3488372093023256, 0.36363636363636365, 0.37777777777777777, 0.3695652173913043, 0.3829787234042553, 0.3958333333333333, 0.3877551020408163, 0.38]","[0.0, 0.5, 0.6666666666666666, 0.5, 0.6, 0.5, 0.42857142857142855, 0.375, 0.3333333333333333, 0.3, 0.2727272727272727, 0.25, 0.3076923076923077, 0.2857142857142857, 0.3333333333333333, 0.3125, 0.29411764705882354, 0.2777777777777778, 0.2631578947368421, 0.25, 0.23809523809523808, 0.22727272727272727, 0.21739130434782608, 0.20833333333333334, 0.2, 0.19230769230769232, 0.18518518518518517, 0.17857142857142858, 0.1724137931034483, 0.2, 0.1935483870967742, 0.1875, 0.21212121212121213, 0.20588235294117646, 0.22857142857142856, 0.2222222222222222, 0.24324324324324326, 0.2631578947368421, 0.28205128205128205, 0.275, 0.2682926829268293, 0.2619047619047619, 0.2558139534883721, 0.25, 0.24444444444444444, 0.2608695652173913, 0.2553191489361702, 0.25, 0.24489795918367346, 0.26]"
tDCS_0_load_0,100205,Male,"['R', 'A', 'B', 'B', 'B', 'R', 'R', 'A', 'R', 'B', 'B', 'B', 'B', 'R', 'R', 'B', 'B', 'B', 'A', 'A', 'A', 'A', 'B', 'R', 'B', 'B', 'B', 'R', 'R', 'B', 'A', 'A', 'B', 'R', 'B', 'A', 'R', 'R', 'R', 'A', 'R', 'R', 'B', 'A', 'B', 'R', 'A', 'A', 'R', 'A']","[6.106, 3.481, 4.542, 1.641, 1.944, 0.765, 1.697, 0.699, 1.571, 1.453, 3.144, 1.431, 1.325, 2.817, 3.976, 0.487, 1.605, 1.044, 3.546, 1.729, 0.912, 2.041, 1.122, 0.383, 0.63, 1.402, 1.228, 1.972, 0.384, 0.911, 2.147, 0.898, 1.221, 0.475, 1.298, 1.064, 1.054, 2.512, 2.914, 1.063, 0.382, 1.374, 1.118, 0.987, 1.624, 2.16, 1.232, 1.421, 0.729, 0.827]","[0, 0, 1, 1, 1, 0, 0, 0, 0, 1, 1, 1, 1, 0, 0, 1, 1, 1, 0, 0, 0, 0, 1, 0, 1, 1, 1, 0, 0, 1, 0, 0, 1, 0, 1, 0, 0, 0, 0, 0, 0, 0, 1, 0, 1, 0, 0, 0, 0, 0]","[1, 0, 0, 0, 0, 1, 1, 0, 1, 0, 0, 0, 0, 1, 1, 0, 0, 0, 0, 0, 0, 0, 0, 1, 0, 0, 0, 1, 1, 0, 0, 0, 0, 1, 0, 0, 1, 1, 1, 0, 1, 1, 0, 0, 0, 1, 0, 0, 1, 0]","[0, 0, 1, 0, 0, 0, 0, 1, 0, 1, 0, 0, 0, 0, 0, 0, 0, 0, 1, 0, 0, 0, 1, 0, 0, 0, 0, 0, 0, 0, 1, 0, 1, 0, 0, 1, 0, 0, 0, 0, 0, 0, 1, 1, 1, 0, 1, 0, 0, 0]","[0.0, 0.0, 0.3333333333333333, 0.5, 0.6, 0.5, 0.42857142857142855, 0.375, 0.3333333333333333, 0.4, 0.45454545454545453, 0.5, 0.5384615384615384, 0.5, 0.4666666666666667, 0.5, 0.5294117647058824, 0.5555555555555556, 0.5263157894736842, 0.5, 0.47619047619047616, 0.45454545454545453, 0.4782608695652174, 0.4583333333333333, 0.48, 0.5, 0.5185185185185185, 0.5, 0.4827586206896552, 0.5, 0.4838709677419355, 0.46875, 0.48484848484848486, 0.47058823529411764, 0.4857142857142857, 0.4722222222222222, 0.4594594594594595, 0.4473684210526316, 0.4358974358974359, 0.425, 0.4146341463414634, 0.40476190476190477, 0.4186046511627907, 0.4090909090909091, 0.4222222222222222, 0.41304347826086957, 0.40425531914893614, 0.3958333333333333, 0.3877551020408163, 0.38]","[1.0, 0.5, 0.3333333333333333, 0.25, 0.2, 0.3333333333333333, 0.42857142857142855, 0.375, 0.4444444444444444, 0.4, 0.36363636363636365, 0.3333333333333333, 0.3076923076923077, 0.35714285714285715, 0.4, 0.375, 0.35294117647058826, 0.3333333333333333, 0.3157894736842105, 0.3, 0.2857142857142857, 0.2727272727272727, 0.2608695652173913, 0.2916666666666667, 0.28, 0.2692307692307692, 0.25925925925925924, 0.2857142857142857, 0.3103448275862069, 0.3, 0.2903225806451613, 0.28125, 0.2727272727272727, 0.29411764705882354, 0.2857142857142857, 0.2777777777777778, 0.2972972972972973, 0.3157894736842105, 0.3333333333333333, 0.325, 0.34146341463414637, 0.35714285714285715, 0.3488372093023256, 0.3409090909090909, 0.3333333333333333, 0.34782608695652173, 0.3404255319148936, 0.3333333333333333, 0.3469387755102041, 0.34]","[0.0, 0.0, 0.3333333333333333, 0.25, 0.2, 0.16666666666666666, 0.14285714285714285, 0.25, 0.2222222222222222, 0.3, 0.2727272727272727, 0.25, 0.23076923076923078, 0.21428571428571427, 0.2, 0.1875, 0.17647058823529413, 0.16666666666666666, 0.21052631578947367, 0.2, 0.19047619047619047, 0.18181818181818182, 0.21739130434782608, 0.20833333333333334, 0.2, 0.19230769230769232, 0.18518518518518517, 0.17857142857142858, 0.1724137931034483, 0.16666666666666666, 0.1935483870967742, 0.1875, 0.21212121212121213, 0.20588235294117646, 0.2, 0.2222222222222222, 0.21621621621621623, 0.21052631578947367, 0.20512820512820512, 0.2, 0.1951219512195122, 0.19047619047619047, 0.20930232558139536, 0.22727272727272727, 0.24444444444444444, 0.2391304347826087, 0.2553191489361702, 0.25, 0.24489795918367346, 0.24]"
tDCS_0_load_0,806,Male,"['B', 'A', 'R', 'R', 'B', 'B', 'R', 'R', 'B', 'B', 'R', 'A', 'R', 'A', 'A', 'R', 'R', 'A', 'A', 'R', 'B', 'A', 'A', 'A', 'A', 'R', 'B', 'B', 'B', 'B', 'B', 'R', 'B', 'R', 'B', 'B', 'A', 'A', 'B', 'B', 'R', 'B', 'B', 'R', 'A', 'A', 'B', 'A', 'R', 'B']","[3.352, 3.623, 4.277, 3.579, 4.202, 3.232, 3.675, 4.816, 2.135, 3.502, 4.465, 4.128, 4.249, 3.449, 3.693, 4.135, 3.57, 4.029, 3.082, 3.536, 4.565, 4.399, 4.194, 3.265, 4.385, 3.03, 2.647, 4.78, 3.928, 3.355, 3.461, 3.667, 3.587, 3.223, 2.996, 3.496, 4.161, 2.916, 3.886, 3.004, 2.824, 3.66, 3.022, 3.241, 4.037, 4.619, 3.392, 2.955, 4.486, 3.635]","[1, 0, 0, 0, 1, 1, 0, 0, 1, 1, 0, 0, 0, 0, 0, 0, 0, 0, 0, 0, 1, 0, 0, 0, 0, 0, 1, 1, 1, 1, 1, 0, 1, 0, 1, 1, 0, 0, 1, 1, 0, 1, 1, 0, 0, 0, 1, 0, 0, 1]","[0, 0, 1, 1, 0, 0, 1, 1, 0, 0, 1, 0, 1, 0, 0, 1, 1, 0, 0, 1, 0, 0, 0, 0, 0, 1, 0, 0, 0, 0, 0, 1, 0, 1, 0, 0, 0, 0, 0, 0, 1, 0, 0, 1, 0, 0, 0, 0, 1, 0]","[0, 1, 0, 0, 1, 0, 0, 0, 0, 0, 0, 1, 0, 0, 0, 0, 0, 0, 0, 0, 1, 1, 0, 0, 0, 0, 1, 0, 0, 0, 0, 0, 0, 0, 0, 0, 1, 0, 1, 0, 0, 0, 0, 0, 1, 0, 1, 1, 0, 1]","[1.0, 0.5, 0.3333333333333333, 0.25, 0.4, 0.5, 0.42857142857142855, 0.375, 0.4444444444444444, 0.5, 0.45454545454545453, 0.4166666666666667, 0.38461538461538464, 0.35714285714285715, 0.3333333333333333, 0.3125, 0.29411764705882354, 0.2777777777777778, 0.2631578947368421, 0.25, 0.2857142857142857, 0.2727272727272727, 0.2608695652173913, 0.25, 0.24, 0.23076923076923078, 0.25925925925925924, 0.2857142857142857, 0.3103448275862069, 0.3333333333333333, 0.3548387096774194, 0.34375, 0.36363636363636365, 0.35294117647058826, 0.37142857142857144, 0.3888888888888889, 0.3783783783783784, 0.3684210526315789, 0.38461538461538464, 0.4, 0.3902439024390244, 0.40476190476190477, 0.4186046511627907, 0.4090909090909091, 0.4, 0.391304347826087, 0.40425531914893614, 0.3958333333333333, 0.3877551020408163, 0.4]","[0.0, 0.0, 0.3333333333333333, 0.5, 0.4, 0.3333333333333333, 0.42857142857142855, 0.5, 0.4444444444444444, 0.4, 0.45454545454545453, 0.4166666666666667, 0.46153846153846156, 0.42857142857142855, 0.4, 0.4375, 0.47058823529411764, 0.4444444444444444, 0.42105263157894735, 0.45, 0.42857142857142855, 0.4090909090909091, 0.391304347826087, 0.375, 0.36, 0.38461538461538464, 0.37037037037037035, 0.35714285714285715, 0.3448275862068966, 0.3333333333333333, 0.3225806451612903, 0.34375, 0.3333333333333333, 0.35294117647058826, 0.34285714285714286, 0.3333333333333333, 0.32432432432432434, 0.3157894736842105, 0.3076923076923077, 0.3, 0.3170731707317073, 0.30952380952380953, 0.3023255813953488, 0.3181818181818182, 0.3111111111111111, 0.30434782608695654, 0.2978723404255319, 0.2916666666666667, 0.30612244897959184, 0.3]","[0.0, 0.5, 0.3333333333333333, 0.25, 0.4, 0.3333333333333333, 0.2857142857142857, 0.25, 0.2222222222222222, 0.2, 0.18181818181818182, 0.25, 0.23076923076923078, 0.21428571428571427, 0.2, 0.1875, 0.17647058823529413, 0.16666666666666666, 0.15789473684210525, 0.15, 0.19047619047619047, 0.22727272727272727, 0.21739130434782608, 0.20833333333333334, 0.2, 0.19230769230769232, 0.2222222222222222, 0.21428571428571427, 0.20689655172413793, 0.2, 0.1935483870967742, 0.1875, 0.18181818181818182, 0.17647058823529413, 0.17142857142857143, 0.16666666666666666, 0.1891891891891892, 0.18421052631578946, 0.20512820512820512, 0.2, 0.1951219512195122, 0.19047619047619047, 0.18604651162790697, 0.18181818181818182, 0.2, 0.1956521739130435, 0.2127659574468085, 0.22916666666666666, 0.22448979591836735, 0.24]"
tDCS_0_load_0,9205,Female,"['B', 'B', 'B', 'B', 'B', 'R', 'A', 'A', 'R', 'B', 'R', 'B', 'A', 'A', 'A', 'B', 'R', 'A', 'B', 'B', 'R', 'R', 'A', 'R', 'B', 'A', 'A', 'R', 'R', 'B', 'B', 'R', 'A', 'A', 'A', 'A', 'A', 'R', 'B', 'R', 'R', 'R', 'B', 'A', 'A', 'A', 'A', 'B', 'B', 'B']","[3.42, 2.978, 3.065, 3.502, 2.998, 3.324, 2.942, 3.989, 3.526, 3.493, 3.277, 3.065, 3.075, 2.945, 3.654, 3.482, 2.82, 4.001, 4.47, 2.62, 3.727, 4.386, 2.935, 3.02, 3.51, 3.458, 3.233, 4.02, 3.809, 3.16, 3.765, 3.829, 3.359, 4.014, 3.999, 4.057, 4.12, 2.831, 4.397, 2.491, 2.538, 3.229, 4.259, 3.596, 3.754, 4.502, 4.203, 3.893, 3.83, 3.517]","[1, 1, 1, 1, 1, 0, 0, 0, 0, 1, 0, 1, 0, 0, 0, 1, 0, 0, 1, 1, 0, 0, 0, 0, 1, 0, 0, 0, 0, 1, 1, 0, 0, 0, 0, 0, 0, 0, 1, 0, 0, 0, 1, 0, 0, 0, 0, 1, 1, 1]","[0, 0, 0, 0, 0, 1, 0, 0, 1, 0, 1, 0, 0, 0, 0, 0, 1, 0, 0, 0, 1, 1, 0, 1, 0, 0, 0, 1, 1, 0, 0, 1, 0, 0, 0, 0, 0, 1, 0, 1, 1, 1, 0, 0, 0, 0, 0, 0, 0, 0]","[0, 0, 0, 0, 0, 0, 1, 0, 0, 1, 0, 0, 1, 0, 0, 1, 0, 1, 1, 0, 0, 0, 1, 0, 1, 1, 0, 0, 0, 1, 0, 0, 1, 0, 0, 0, 0, 0, 1, 0, 0, 0, 0, 1, 0, 0, 0, 1, 0, 0]","[1.0, 1.0, 1.0, 1.0, 1.0, 0.8333333333333334, 0.7142857142857143, 0.625, 0.5555555555555556, 0.6, 0.5454545454545454, 0.5833333333333334, 0.5384615384615384, 0.5, 0.4666666666666667, 0.5, 0.47058823529411764, 0.4444444444444444, 0.47368421052631576, 0.5, 0.47619047619047616, 0.45454545454545453, 0.43478260869565216, 0.4166666666666667, 0.44, 0.4230769230769231, 0.4074074074074074, 0.39285714285714285, 0.3793103448275862, 0.4, 0.41935483870967744, 0.40625, 0.3939393939393939, 0.38235294117647056, 0.37142857142857144, 0.3611111111111111, 0.35135135135135137, 0.34210526315789475, 0.358974358974359, 0.35, 0.34146341463414637, 0.3333333333333333, 0.3488372093023256, 0.3409090909090909, 0.3333333333333333, 0.32608695652173914, 0.3191489361702128, 0.3333333333333333, 0.3469387755102041, 0.36]","[0.0, 0.0, 0.0, 0.0, 0.0, 0.16666666666666666, 0.14285714285714285, 0.125, 0.2222222222222222, 0.2, 0.2727272727272727, 0.25, 0.23076923076923078, 0.21428571428571427, 0.2, 0.1875, 0.23529411764705882, 0.2222222222222222, 0.21052631578947367, 0.2, 0.23809523809523808, 0.2727272727272727, 0.2608695652173913, 0.2916666666666667, 0.28, 0.2692307692307692, 0.25925925925925924, 0.2857142857142857, 0.3103448275862069, 0.3, 0.2903225806451613, 0.3125, 0.30303030303030304, 0.29411764705882354, 0.2857142857142857, 0.2777777777777778, 0.2702702702702703, 0.2894736842105263, 0.28205128205128205, 0.3, 0.3170731707317073, 0.3333333333333333, 0.32558139534883723, 0.3181818181818182, 0.3111111111111111, 0.30434782608695654, 0.2978723404255319, 0.2916666666666667, 0.2857142857142857, 0.28]","[0.0, 0.0, 0.0, 0.0, 0.0, 0.0, 0.14285714285714285, 0.125, 0.1111111111111111, 0.2, 0.18181818181818182, 0.16666666666666666, 0.23076923076923078, 0.21428571428571427, 0.2, 0.25, 0.23529411764705882, 0.2777777777777778, 0.3157894736842105, 0.3, 0.2857142857142857, 0.2727272727272727, 0.30434782608695654, 0.2916666666666667, 0.32, 0.34615384615384615, 0.3333333333333333, 0.32142857142857145, 0.3103448275862069, 0.3333333333333333, 0.3225806451612903, 0.3125, 0.3333333333333333, 0.3235294117647059, 0.3142857142857143, 0.3055555555555556, 0.2972972972972973, 0.2894736842105263, 0.3076923076923077, 0.3, 0.2926829268292683, 0.2857142857142857, 0.27906976744186046, 0.29545454545454547, 0.28888888888888886, 0.2826086956521739, 0.2765957446808511, 0.2916666666666667, 0.2857142857142857, 0.28]"
tDCS_0_load_0,19052025,Male,"['A', 'R', 'B', 'A', 'R', 'B', 'B', 'B', 'A', 'R', 'A', 'R', 'B', 'R', 'A', 'R', 'B', 'B', 'B', 'R', 'R', 'R', 'B', 'A', 'A', 'B', 'A', 'B', 'B', 'B', 'R', 'B', 'R', 'B', 'B', 'R', 'A', 'B', 'R', 'R', 'A', 'A', 'R', 'B', 'B', 'A', 'R', 'B', 'B', 'R']","[3.791, 3.532, 4.091, 2.443, 3.167, 3.603, 4.206, 3.86, 3.81, 3.802, 4.309, 4.314, 3.895, 4.486, 3.243, 3.481, 4.008, 4.142, 3.65, 3.304, 2.852, 4.039, 3.616, 3.753, 3.77, 3.932, 3.211, 3.599, 4.116, 4.114, 2.599, 3.53, 3.309, 3.266, 3.557, 3.502, 3.065, 3.793, 2.649, 3.426, 4.627, 3.675, 3.83, 4.02, 2.845, 2.383, 3.516, 2.667, 3.68, 3.551]","[0, 0, 1, 0, 0, 1, 1, 1, 0, 0, 0, 0, 1, 0, 0, 0, 1, 1, 1, 0, 0, 0, 1, 0, 0, 1, 0, 1, 1, 1, 0, 1, 0, 1, 1, 0, 0, 1, 0, 0, 0, 0, 0, 1, 1, 0, 0, 1, 1, 0]","[0, 1, 0, 0, 1, 0, 0, 0, 0, 1, 0, 1, 0, 1, 0, 1, 0, 0, 0, 1, 1, 1, 0, 0, 0, 0, 0, 0, 0, 0, 1, 0, 1, 0, 0, 1, 0, 0, 1, 1, 0, 0, 1, 0, 0, 0, 1, 0, 0, 1]","[0, 0, 1, 1, 0, 1, 0, 0, 1, 0, 0, 0, 1, 0, 1, 0, 1, 0, 0, 0, 0, 0, 0, 1, 0, 1, 1, 1, 0, 0, 0, 0, 0, 0, 0, 0, 1, 1, 0, 0, 1, 0, 0, 1, 0, 1, 0, 1, 0, 0]","[0.0, 0.0, 0.3333333333333333, 0.25, 0.2, 0.3333333333333333, 0.42857142857142855, 0.5, 0.4444444444444444, 0.4, 0.36363636363636365, 0.3333333333333333, 0.38461538461538464, 0.35714285714285715, 0.3333333333333333, 0.3125, 0.35294117647058826, 0.3888888888888889, 0.42105263157894735, 0.4, 0.38095238095238093, 0.36363636363636365, 0.391304347826087, 0.375, 0.36, 0.38461538461538464, 0.37037037037037035, 0.39285714285714285, 0.41379310344827586, 0.43333333333333335, 0.41935483870967744, 0.4375, 0.42424242424242425, 0.4411764705882353, 0.45714285714285713, 0.4444444444444444, 0.43243243243243246, 0.4473684210526316, 0.4358974358974359, 0.425, 0.4146341463414634, 0.40476190476190477, 0.3953488372093023, 0.4090909090909091, 0.4222222222222222, 0.41304347826086957, 0.40425531914893614, 0.4166666666666667, 0.42857142857142855, 0.42]","[0.0, 0.5, 0.3333333333333333, 0.25, 0.4, 0.3333333333333333, 0.2857142857142857, 0.25, 0.2222222222222222, 0.3, 0.2727272727272727, 0.3333333333333333, 0.3076923076923077, 0.35714285714285715, 0.3333333333333333, 0.375, 0.35294117647058826, 0.3333333333333333, 0.3157894736842105, 0.35, 0.38095238095238093, 0.4090909090909091, 0.391304347826087, 0.375, 0.36, 0.34615384615384615, 0.3333333333333333, 0.32142857142857145, 0.3103448275862069, 0.3, 0.3225806451612903, 0.3125, 0.3333333333333333, 0.3235294117647059, 0.3142857142857143, 0.3333333333333333, 0.32432432432432434, 0.3157894736842105, 0.3333333333333333, 0.35, 0.34146341463414637, 0.3333333333333333, 0.3488372093023256, 0.3409090909090909, 0.3333333333333333, 0.32608695652173914, 0.3404255319148936, 0.3333333333333333, 0.32653061224489793, 0.34]","[0.0, 0.0, 0.3333333333333333, 0.5, 0.4, 0.5, 0.42857142857142855, 0.375, 0.4444444444444444, 0.4, 0.36363636363636365, 0.3333333333333333, 0.38461538461538464, 0.35714285714285715, 0.4, 0.375, 0.4117647058823529, 0.3888888888888889, 0.3684210526315789, 0.35, 0.3333333333333333, 0.3181818181818182, 0.30434782608695654, 0.3333333333333333, 0.32, 0.34615384615384615, 0.37037037037037035, 0.39285714285714285, 0.3793103448275862, 0.36666666666666664, 0.3548387096774194, 0.34375, 0.3333333333333333, 0.3235294117647059, 0.3142857142857143, 0.3055555555555556, 0.32432432432432434, 0.34210526315789475, 0.3333333333333333, 0.325, 0.34146341463414637, 0.3333333333333333, 0.32558139534883723, 0.3409090909090909, 0.3333333333333333, 0.34782608695652173, 0.3404255319148936, 0.3541666666666667, 0.3469387755102041, 0.34]"
tDCS_0_load_0,21052025,Male,"['B', 'B', 'R', 'A', 'A', 'A', 'B', 'R', 'A', 'R', 'A', 'A', 'A', 'A', 'R', 'B', 'B', 'B', 'B', 'B', 'A', 'A', 'A', 'A', 'A', 'R', 'B', 'A', 'A', 'A', 'A', 'B', 'B', 'R', 'A', 'A', 'A', 'A', 'A', 'B', 'B', 'B', 'B', 'B', 'A', 'A', 'A', 'R', 'B', 'B']","[4.567, 4.001, 4.173, 3.34, 3.572, 3.771, 4.484, 4.111, 4.484, 4.444, 4.153, 4.034, 3.391, 4.133, 3.628, 3.734, 4.191, 3.231, 3.6, 2.995, 3.032, 3.588, 3.885, 4.04, 4.257, 3.669, 4.227, 4.359, 4.112, 3.684, 4.062, 3.946, 3.977, 3.858, 2.781, 4.163, 3.532, 3.656, 3.55, 3.355, 3.51, 3.836, 3.116, 3.391, 4.155, 3.276, 4.238, 4.18, 3.49, 4.38]","[1, 1, 0, 0, 0, 0, 1, 0, 0, 0, 0, 0, 0, 0, 0, 1, 1, 1, 1, 1, 0, 0, 0, 0, 0, 0, 1, 0, 0, 0, 0, 1, 1, 0, 0, 0, 0, 0, 0, 1, 1, 1, 1, 1, 0, 0, 0, 0, 1, 1]","[0, 0, 1, 0, 0, 0, 0, 1, 0, 1, 0, 0, 0, 0, 1, 0, 0, 0, 0, 0, 0, 0, 0, 0, 0, 1, 0, 0, 0, 0, 0, 0, 0, 1, 0, 0, 0, 0, 0, 0, 0, 0, 0, 0, 0, 0, 0, 1, 0, 0]","[0, 0, 0, 1, 0, 0, 1, 0, 1, 0, 0, 0, 0, 0, 0, 1, 0, 0, 0, 0, 1, 0, 0, 0, 0, 0, 1, 1, 0, 0, 0, 1, 0, 0, 1, 0, 0, 0, 0, 1, 0, 0, 0, 0, 1, 0, 0, 0, 1, 0]","[1.0, 1.0, 0.6666666666666666, 0.5, 0.4, 0.3333333333333333, 0.42857142857142855, 0.375, 0.3333333333333333, 0.3, 0.2727272727272727, 0.25, 0.23076923076923078, 0.21428571428571427, 0.2, 0.25, 0.29411764705882354, 0.3333333333333333, 0.3684210526315789, 0.4, 0.38095238095238093, 0.36363636363636365, 0.34782608695652173, 0.3333333333333333, 0.32, 0.3076923076923077, 0.3333333333333333, 0.32142857142857145, 0.3103448275862069, 0.3, 0.2903225806451613, 0.3125, 0.3333333333333333, 0.3235294117647059, 0.3142857142857143, 0.3055555555555556, 0.2972972972972973, 0.2894736842105263, 0.28205128205128205, 0.3, 0.3170731707317073, 0.3333333333333333, 0.3488372093023256, 0.36363636363636365, 0.35555555555555557, 0.34782608695652173, 0.3404255319148936, 0.3333333333333333, 0.3469387755102041, 0.36]","[0.0, 0.0, 0.3333333333333333, 0.25, 0.2, 0.16666666666666666, 0.14285714285714285, 0.25, 0.2222222222222222, 0.3, 0.2727272727272727, 0.25, 0.23076923076923078, 0.21428571428571427, 0.26666666666666666, 0.25, 0.23529411764705882, 0.2222222222222222, 0.21052631578947367, 0.2, 0.19047619047619047, 0.18181818181818182, 0.17391304347826086, 0.16666666666666666, 0.16, 0.19230769230769232, 0.18518518518518517, 0.17857142857142858, 0.1724137931034483, 0.16666666666666666, 0.16129032258064516, 0.15625, 0.15151515151515152, 0.17647058823529413, 0.17142857142857143, 0.16666666666666666, 0.16216216216216217, 0.15789473684210525, 0.15384615384615385, 0.15, 0.14634146341463414, 0.14285714285714285, 0.13953488372093023, 0.13636363636363635, 0.13333333333333333, 0.13043478260869565, 0.1276595744680851, 0.14583333333333334, 0.14285714285714285, 0.14]","[0.0, 0.0, 0.0, 0.25, 0.2, 0.16666666666666666, 0.2857142857142857, 0.25, 0.3333333333333333, 0.3, 0.2727272727272727, 0.25, 0.23076923076923078, 0.21428571428571427, 0.2, 0.25, 0.23529411764705882, 0.2222222222222222, 0.21052631578947367, 0.2, 0.23809523809523808, 0.22727272727272727, 0.21739130434782608, 0.20833333333333334, 0.2, 0.19230769230769232, 0.2222222222222222, 0.25, 0.2413793103448276, 0.23333333333333334, 0.22580645161290322, 0.25, 0.24242424242424243, 0.23529411764705882, 0.2571428571428571, 0.25, 0.24324324324324326, 0.23684210526315788, 0.23076923076923078, 0.25, 0.24390243902439024, 0.23809523809523808, 0.23255813953488372, 0.22727272727272727, 0.24444444444444444, 0.2391304347826087, 0.23404255319148937, 0.22916666666666666, 0.24489795918367346, 0.24]"
tDCS_0_load_0,24052025,Male,"['B', 'R', 'R', 'B', 'R', 'R', 'B', 'A', 'A', 'B', 'B', 'A', 'A', 'R', 'B', 'A', 'A', 'A', 'R', 'B', 'B', 'R', 'A', 'A', 'B', 'R', 'B', 'B', 'R', 'A', 'A', 'B', 'B', 'B', 'R', 'A', 'R', 'A', 'R', 'A', 'A', 'A', 'A', 'R', 'B', 'R', 'A', 'R', 'A', 'B']","[3.642, 3.137, 4.279, 3.807, 3.802, 4.154, 4.025, 4.271, 3.601, 3.341, 3.876, 3.374, 4.093, 3.178, 3.941, 4.131, 4.189, 3.627, 3.433, 4.218, 3.945, 4.91, 3.232, 4.399, 3.854, 3.676, 3.325, 3.561, 3.926, 4.192, 3.058, 3.593, 3.637, 4.563, 3.975, 4.581, 4.249, 4.413, 3.754, 4.035, 3.008, 4.21, 4.005, 3.317, 3.545, 3.939, 4.45, 5.02, 4.296, 3.398]","[1, 0, 0, 1, 0, 0, 1, 0, 0, 1, 1, 0, 0, 0, 1, 0, 0, 0, 0, 1, 1, 0, 0, 0, 1, 0, 1, 1, 0, 0, 0, 1, 1, 1, 0, 0, 0, 0, 0, 0, 0, 0, 0, 0, 1, 0, 0, 0, 0, 1]","[0, 1, 1, 0, 1, 1, 0, 0, 0, 0, 0, 0, 0, 1, 0, 0, 0, 0, 1, 0, 0, 1, 0, 0, 0, 1, 0, 0, 1, 0, 0, 0, 0, 0, 1, 0, 1, 0, 1, 0, 0, 0, 0, 1, 0, 1, 0, 1, 0, 0]","[0, 0, 0, 0, 0, 0, 0, 1, 0, 1, 0, 1, 0, 0, 1, 1, 0, 0, 0, 1, 0, 0, 1, 0, 1, 0, 0, 0, 0, 1, 0, 1, 0, 0, 0, 1, 0, 0, 0, 0, 0, 0, 0, 0, 1, 0, 1, 0, 0, 1]","[1.0, 0.5, 0.3333333333333333, 0.5, 0.4, 0.3333333333333333, 0.42857142857142855, 0.375, 0.3333333333333333, 0.4, 0.45454545454545453, 0.4166666666666667, 0.38461538461538464, 0.35714285714285715, 0.4, 0.375, 0.35294117647058826, 0.3333333333333333, 0.3157894736842105, 0.35, 0.38095238095238093, 0.36363636363636365, 0.34782608695652173, 0.3333333333333333, 0.36, 0.34615384615384615, 0.37037037037037035, 0.39285714285714285, 0.3793103448275862, 0.36666666666666664, 0.3548387096774194, 0.375, 0.3939393939393939, 0.4117647058823529, 0.4, 0.3888888888888889, 0.3783783783783784, 0.3684210526315789, 0.358974358974359, 0.35, 0.34146341463414637, 0.3333333333333333, 0.32558139534883723, 0.3181818181818182, 0.3333333333333333, 0.32608695652173914, 0.3191489361702128, 0.3125, 0.30612244897959184, 0.32]","[0.0, 0.5, 0.6666666666666666, 0.5, 0.6, 0.6666666666666666, 0.5714285714285714, 0.5, 0.4444444444444444, 0.4, 0.36363636363636365, 0.3333333333333333, 0.3076923076923077, 0.35714285714285715, 0.3333333333333333, 0.3125, 0.29411764705882354, 0.2777777777777778, 0.3157894736842105, 0.3, 0.2857142857142857, 0.3181818181818182, 0.30434782608695654, 0.2916666666666667, 0.28, 0.3076923076923077, 0.2962962962962963, 0.2857142857142857, 0.3103448275862069, 0.3, 0.2903225806451613, 0.28125, 0.2727272727272727, 0.2647058823529412, 0.2857142857142857, 0.2777777777777778, 0.2972972972972973, 0.2894736842105263, 0.3076923076923077, 0.3, 0.2926829268292683, 0.2857142857142857, 0.27906976744186046, 0.29545454545454547, 0.28888888888888886, 0.30434782608695654, 0.2978723404255319, 0.3125, 0.30612244897959184, 0.3]","[0.0, 0.0, 0.0, 0.0, 0.0, 0.0, 0.0, 0.125, 0.1111111111111111, 0.2, 0.18181818181818182, 0.25, 0.23076923076923078, 0.21428571428571427, 0.26666666666666666, 0.3125, 0.29411764705882354, 0.2777777777777778, 0.2631578947368421, 0.3, 0.2857142857142857, 0.2727272727272727, 0.30434782608695654, 0.2916666666666667, 0.32, 0.3076923076923077, 0.2962962962962963, 0.2857142857142857, 0.27586206896551724, 0.3, 0.2903225806451613, 0.3125, 0.30303030303030304, 0.29411764705882354, 0.2857142857142857, 0.3055555555555556, 0.2972972972972973, 0.2894736842105263, 0.28205128205128205, 0.275, 0.2682926829268293, 0.2619047619047619, 0.2558139534883721, 0.25, 0.26666666666666666, 0.2608695652173913, 0.2765957446808511, 0.2708333333333333, 0.2653061224489796, 0.28]"
tDCS_0_load_0,27052025,Male,"['B', 'R', 'A', 'A', 'R', 'A', 'A', 'A', 'A', 'R', 'B', 'R', 'A', 'R', 'A', 'B', 'A', 'B', 'B', 'R', 'A', 'A', 'A', 'B', 'B', 'R', 'A', 'A', 'A', 'A', 'B', 'B', 'A', 'R', 'A', 'B', 'R', 'A', 'B', 'B', 'B', 'R', 'B', 'A', 'R', 'A', 'B', 'A', 'R', 'B']","[3.457, 3.112, 3.331, 4.665, 3.676, 4.217, 4.06, 3.52, 3.552, 4.113, 3.532, 2.709, 3.295, 4.254, 5.331, 2.687, 3.939, 3.805, 4.775, 4.296, 3.172, 3.867, 4.446, 3.777, 5.23, 4.192, 2.975, 3.827, 4.522, 4.227, 3.518, 4.23, 3.879, 3.969, 4.74, 3.512, 4.348, 4.757, 3.252, 4.435, 3.785, 3.787, 4.121, 3.666, 3.189, 4.383, 4.185, 3.808, 4.242, 3.996]","[1, 0, 0, 0, 0, 0, 0, 0, 0, 0, 1, 0, 0, 0, 0, 1, 0, 1, 1, 0, 0, 0, 0, 1, 1, 0, 0, 0, 0, 0, 1, 1, 0, 0, 0, 1, 0, 0, 1, 1, 1, 0, 1, 0, 0, 0, 1, 0, 0, 1]","[0, 1, 0, 0, 1, 0, 0, 0, 0, 1, 0, 1, 0, 1, 0, 0, 0, 0, 0, 1, 0, 0, 0, 0, 0, 1, 0, 0, 0, 0, 0, 0, 0, 1, 0, 0, 1, 0, 0, 0, 0, 1, 0, 0, 1, 0, 0, 0, 1, 0]","[0, 0, 1, 0, 0, 0, 0, 0, 0, 0, 1, 0, 1, 0, 0, 1, 1, 1, 0, 0, 1, 0, 0, 1, 0, 0, 1, 0, 0, 0, 1, 0, 1, 0, 0, 1, 0, 1, 1, 0, 0, 0, 0, 1, 0, 0, 1, 1, 0, 1]","[1.0, 0.5, 0.3333333333333333, 0.25, 0.2, 0.16666666666666666, 0.14285714285714285, 0.125, 0.1111111111111111, 0.1, 0.18181818181818182, 0.16666666666666666, 0.15384615384615385, 0.14285714285714285, 0.13333333333333333, 0.1875, 0.17647058823529413, 0.2222222222222222, 0.2631578947368421, 0.25, 0.23809523809523808, 0.22727272727272727, 0.21739130434782608, 0.25, 0.28, 0.2692307692307692, 0.25925925925925924, 0.25, 0.2413793103448276, 0.23333333333333334, 0.25806451612903225, 0.28125, 0.2727272727272727, 0.2647058823529412, 0.2571428571428571, 0.2777777777777778, 0.2702702702702703, 0.2631578947368421, 0.28205128205128205, 0.3, 0.3170731707317073, 0.30952380952380953, 0.32558139534883723, 0.3181818181818182, 0.3111111111111111, 0.30434782608695654, 0.3191489361702128, 0.3125, 0.30612244897959184, 0.32]","[0.0, 0.5, 0.3333333333333333, 0.25, 0.4, 0.3333333333333333, 0.2857142857142857, 0.25, 0.2222222222222222, 0.3, 0.2727272727272727, 0.3333333333333333, 0.3076923076923077, 0.35714285714285715, 0.3333333333333333, 0.3125, 0.29411764705882354, 0.2777777777777778, 0.2631578947368421, 0.3, 0.2857142857142857, 0.2727272727272727, 0.2608695652173913, 0.25, 0.24, 0.2692307692307692, 0.25925925925925924, 0.25, 0.2413793103448276, 0.23333333333333334, 0.22580645161290322, 0.21875, 0.21212121212121213, 0.23529411764705882, 0.22857142857142856, 0.2222222222222222, 0.24324324324324326, 0.23684210526315788, 0.23076923076923078, 0.225, 0.21951219512195122, 0.23809523809523808, 0.23255813953488372, 0.22727272727272727, 0.24444444444444444, 0.2391304347826087, 0.23404255319148937, 0.22916666666666666, 0.24489795918367346, 0.24]","[0.0, 0.0, 0.3333333333333333, 0.25, 0.2, 0.16666666666666666, 0.14285714285714285, 0.125, 0.1111111111111111, 0.1, 0.18181818181818182, 0.16666666666666666, 0.23076923076923078, 0.21428571428571427, 0.2, 0.25, 0.29411764705882354, 0.3333333333333333, 0.3157894736842105, 0.3, 0.3333333333333333, 0.3181818181818182, 0.30434782608695654, 0.3333333333333333, 0.32, 0.3076923076923077, 0.3333333333333333, 0.32142857142857145, 0.3103448275862069, 0.3, 0.3225806451612903, 0.3125, 0.3333333333333333, 0.3235294117647059, 0.3142857142857143, 0.3333333333333333, 0.32432432432432434, 0.34210526315789475, 0.358974358974359, 0.35, 0.34146341463414637, 0.3333333333333333, 0.32558139534883723, 0.3409090909090909, 0.3333333333333333, 0.32608695652173914, 0.3404255319148936, 0.3541666666666667, 0.3469387755102041, 0.36]"
tDCS_0_load_0,28052025,Male,"['B', 'R', 'R', 'R', 'B', 'B', 'R', 'R', 'A', 'A', 'A', 'A', 'B', 'A', 'A', 'A', 'A', 'A', 'B', 'B', 'B', 'B', 'A', 'R', 'A', 'R', 'B', 'B', 'B', 'A', 'A', 'A', 'R', 'A', 'B', 'B', 'B', 'B', 'R', 'B', 'B', 'B', 'B', 'A', 'A', 'A', 'A', 'A', 'R', 'B']","[3.206, 3.332, 3.453, 3.515, 2.87, 4.115, 3.152, 3.506, 3.054, 3.091, 3.014, 3.135, 3.012, 3.408, 2.135, 4.302, 3.469, 3.101, 3.395, 3.003, 3.568, 3.28, 3.76, 3.057, 2.84, 2.469, 3.228, 3.665, 3.831, 3.348, 3.28, 3.114, 2.135, 3.506, 3.423, 4.243, 2.135, 3.702, 3.5, 3.046, 4.054, 3.664, 3.467, 3.517, 3.641, 3.663, 3.519, 3.473, 3.184, 3.565]","[1, 0, 0, 0, 1, 1, 0, 0, 0, 0, 0, 0, 1, 0, 0, 0, 0, 0, 1, 1, 1, 1, 0, 0, 0, 0, 1, 1, 1, 0, 0, 0, 0, 0, 1, 1, 1, 1, 0, 1, 1, 1, 1, 0, 0, 0, 0, 0, 0, 1]","[0, 1, 1, 1, 0, 0, 1, 1, 0, 0, 0, 0, 0, 0, 0, 0, 0, 0, 0, 0, 0, 0, 0, 1, 0, 1, 0, 0, 0, 0, 0, 0, 1, 0, 0, 0, 0, 0, 1, 0, 0, 0, 0, 0, 0, 0, 0, 0, 1, 0]","[0, 0, 0, 0, 0, 0, 0, 0, 1, 0, 0, 0, 1, 1, 0, 0, 0, 0, 1, 0, 0, 0, 1, 0, 0, 0, 1, 0, 0, 1, 0, 0, 0, 0, 1, 0, 0, 0, 0, 0, 0, 0, 0, 1, 0, 0, 0, 0, 0, 1]","[1.0, 0.5, 0.3333333333333333, 0.25, 0.4, 0.5, 0.42857142857142855, 0.375, 0.3333333333333333, 0.3, 0.2727272727272727, 0.25, 0.3076923076923077, 0.2857142857142857, 0.26666666666666666, 0.25, 0.23529411764705882, 0.2222222222222222, 0.2631578947368421, 0.3, 0.3333333333333333, 0.36363636363636365, 0.34782608695652173, 0.3333333333333333, 0.32, 0.3076923076923077, 0.3333333333333333, 0.35714285714285715, 0.3793103448275862, 0.36666666666666664, 0.3548387096774194, 0.34375, 0.3333333333333333, 0.3235294117647059, 0.34285714285714286, 0.3611111111111111, 0.3783783783783784, 0.39473684210526316, 0.38461538461538464, 0.4, 0.4146341463414634, 0.42857142857142855, 0.4418604651162791, 0.4318181818181818, 0.4222222222222222, 0.41304347826086957, 0.40425531914893614, 0.3958333333333333, 0.3877551020408163, 0.4]","[0.0, 0.5, 0.6666666666666666, 0.75, 0.6, 0.5, 0.5714285714285714, 0.625, 0.5555555555555556, 0.5, 0.45454545454545453, 0.4166666666666667, 0.38461538461538464, 0.35714285714285715, 0.3333333333333333, 0.3125, 0.29411764705882354, 0.2777777777777778, 0.2631578947368421, 0.25, 0.23809523809523808, 0.22727272727272727, 0.21739130434782608, 0.25, 0.24, 0.2692307692307692, 0.25925925925925924, 0.25, 0.2413793103448276, 0.23333333333333334, 0.22580645161290322, 0.21875, 0.24242424242424243, 0.23529411764705882, 0.22857142857142856, 0.2222222222222222, 0.21621621621621623, 0.21052631578947367, 0.23076923076923078, 0.225, 0.21951219512195122, 0.21428571428571427, 0.20930232558139536, 0.20454545454545456, 0.2, 0.1956521739130435, 0.19148936170212766, 0.1875, 0.20408163265306123, 0.2]","[0.0, 0.0, 0.0, 0.0, 0.0, 0.0, 0.0, 0.0, 0.1111111111111111, 0.1, 0.09090909090909091, 0.08333333333333333, 0.15384615384615385, 0.21428571428571427, 0.2, 0.1875, 0.17647058823529413, 0.16666666666666666, 0.21052631578947367, 0.2, 0.19047619047619047, 0.18181818181818182, 0.21739130434782608, 0.20833333333333334, 0.2, 0.19230769230769232, 0.2222222222222222, 0.21428571428571427, 0.20689655172413793, 0.23333333333333334, 0.22580645161290322, 0.21875, 0.21212121212121213, 0.20588235294117646, 0.22857142857142856, 0.2222222222222222, 0.21621621621621623, 0.21052631578947367, 0.20512820512820512, 0.2, 0.1951219512195122, 0.19047619047619047, 0.18604651162790697, 0.20454545454545456, 0.2, 0.1956521739130435, 0.19148936170212766, 0.1875, 0.1836734693877551, 0.2]"
tDCS_0_load_0,29042025,Female,"['B', 'R', 'R', 'B', 'R', 'R', 'B', 'A', 'A', 'B', 'B', 'A', 'A', 'R', 'B', 'A', 'A', 'A', 'R', 'B', 'B', 'R', 'A', 'A', 'B', 'R', 'B', 'B', 'R', 'A', 'A', 'B', 'B', 'B', 'R', 'A', 'R', 'A', 'R', 'A', 'A', 'A', 'A', 'R', 'B', 'R', 'A', 'R', 'A', 'B']","[3.642, 3.137, 4.279, 3.807, 3.802, 4.154, 4.025, 4.271, 3.601, 3.341, 3.876, 3.374, 4.093, 3.178, 3.941, 4.131, 4.189, 3.627, 3.433, 4.218, 3.945, 4.91, 3.232, 4.399, 3.854, 3.676, 3.325, 3.561, 3.926, 4.192, 3.058, 3.593, 3.637, 4.563, 3.975, 4.581, 4.249, 4.413, 3.754, 4.035, 3.008, 4.21, 4.005, 3.317, 3.545, 3.939, 4.45, 5.02, 4.296, 3.398]","[1, 0, 0, 1, 0, 0, 1, 0, 0, 1, 1, 0, 0, 0, 1, 0, 0, 0, 0, 1, 1, 0, 0, 0, 1, 0, 1, 1, 0, 0, 0, 1, 1, 1, 0, 0, 0, 0, 0, 0, 0, 0, 0, 0, 1, 0, 0, 0, 0, 1]","[0, 1, 1, 0, 1, 1, 0, 0, 0, 0, 0, 0, 0, 1, 0, 0, 0, 0, 1, 0, 0, 1, 0, 0, 0, 1, 0, 0, 1, 0, 0, 0, 0, 0, 1, 0, 1, 0, 1, 0, 0, 0, 0, 1, 0, 1, 0, 1, 0, 0]","[0, 0, 0, 0, 0, 0, 0, 1, 0, 1, 0, 1, 0, 0, 1, 1, 0, 0, 0, 1, 0, 0, 1, 0, 1, 0, 0, 0, 0, 1, 0, 1, 0, 0, 0, 1, 0, 0, 0, 0, 0, 0, 0, 0, 1, 0, 1, 0, 0, 1]","[1.0, 0.5, 0.3333333333333333, 0.5, 0.4, 0.3333333333333333, 0.42857142857142855, 0.375, 0.3333333333333333, 0.4, 0.45454545454545453, 0.4166666666666667, 0.38461538461538464, 0.35714285714285715, 0.4, 0.375, 0.35294117647058826, 0.3333333333333333, 0.3157894736842105, 0.35, 0.38095238095238093, 0.36363636363636365, 0.34782608695652173, 0.3333333333333333, 0.36, 0.34615384615384615, 0.37037037037037035, 0.39285714285714285, 0.3793103448275862, 0.36666666666666664, 0.3548387096774194, 0.375, 0.3939393939393939, 0.4117647058823529, 0.4, 0.3888888888888889, 0.3783783783783784, 0.3684210526315789, 0.358974358974359, 0.35, 0.34146341463414637, 0.3333333333333333, 0.32558139534883723, 0.3181818181818182, 0.3333333333333333, 0.32608695652173914, 0.3191489361702128, 0.3125, 0.30612244897959184, 0.32]","[0.0, 0.5, 0.6666666666666666, 0.5, 0.6, 0.6666666666666666, 0.5714285714285714, 0.5, 0.4444444444444444, 0.4, 0.36363636363636365, 0.3333333333333333, 0.3076923076923077, 0.35714285714285715, 0.3333333333333333, 0.3125, 0.29411764705882354, 0.2777777777777778, 0.3157894736842105, 0.3, 0.2857142857142857, 0.3181818181818182, 0.30434782608695654, 0.2916666666666667, 0.28, 0.3076923076923077, 0.2962962962962963, 0.2857142857142857, 0.3103448275862069, 0.3, 0.2903225806451613, 0.28125, 0.2727272727272727, 0.2647058823529412, 0.2857142857142857, 0.2777777777777778, 0.2972972972972973, 0.2894736842105263, 0.3076923076923077, 0.3, 0.2926829268292683, 0.2857142857142857, 0.27906976744186046, 0.29545454545454547, 0.28888888888888886, 0.30434782608695654, 0.2978723404255319, 0.3125, 0.30612244897959184, 0.3]","[0.0, 0.0, 0.0, 0.0, 0.0, 0.0, 0.0, 0.125, 0.1111111111111111, 0.2, 0.18181818181818182, 0.25, 0.23076923076923078, 0.21428571428571427, 0.26666666666666666, 0.3125, 0.29411764705882354, 0.2777777777777778, 0.2631578947368421, 0.3, 0.2857142857142857, 0.2727272727272727, 0.30434782608695654, 0.2916666666666667, 0.32, 0.3076923076923077, 0.2962962962962963, 0.2857142857142857, 0.27586206896551724, 0.3, 0.2903225806451613, 0.3125, 0.30303030303030304, 0.29411764705882354, 0.2857142857142857, 0.3055555555555556, 0.2972972972972973, 0.2894736842105263, 0.28205128205128205, 0.275, 0.2682926829268293, 0.2619047619047619, 0.2558139534883721, 0.25, 0.26666666666666666, 0.2608695652173913, 0.2765957446808511, 0.2708333333333333, 0.2653061224489796, 0.28]"
tDCS_0_load_0,30052025,Male,"['A', 'R', 'R', 'A', 'R', 'B', 'B', 'B', 'A', 'A', 'A', 'B', 'R', 'B', 'A', 'A', 'A', 'A', 'A', 'B', 'A', 'R', 'R', 'A', 'A', 'R', 'B', 'R', 'B', 'R', 'B', 'B', 'B', 'R', 'R', 'B', 'A', 'A', 'B', 'R', 'R', 'B', 'B', 'B', 'R', 'B', 'B', 'B', 'R', 'A']","[2.995, 3.463, 2.951, 2.844, 4.001, 3.239, 3.879, 2.582, 3.264, 3.5, 3.304, 4.282, 4.1, 3.885, 3.697, 2.847, 3.298, 4.649, 3.622, 3.669, 3.44, 3.677, 3.794, 3.558, 2.187, 3.777, 3.047, 3.586, 3.932, 2.8, 3.674, 4.077, 3.291, 2.76, 3.18, 2.696, 4.008, 3.644, 3.816, 3.089, 3.851, 3.572, 3.524, 3.085, 3.614, 4.149, 3.461, 3.147, 3.375, 3.144]","[0, 0, 0, 0, 0, 1, 1, 1, 0, 0, 0, 1, 0, 1, 0, 0, 0, 0, 0, 1, 0, 0, 0, 0, 0, 0, 1, 0, 1, 0, 1, 1, 1, 0, 0, 1, 0, 0, 1, 0, 0, 1, 1, 1, 0, 1, 1, 1, 0, 0]","[0, 1, 1, 0, 1, 0, 0, 0, 0, 0, 0, 0, 1, 0, 0, 0, 0, 0, 0, 0, 0, 1, 1, 0, 0, 1, 0, 1, 0, 1, 0, 0, 0, 1, 1, 0, 0, 0, 0, 1, 1, 0, 0, 0, 1, 0, 0, 0, 1, 0]","[0, 0, 0, 0, 0, 1, 0, 0, 1, 0, 0, 1, 0, 0, 1, 0, 0, 0, 0, 1, 1, 0, 0, 0, 0, 0, 1, 0, 0, 0, 0, 0, 0, 0, 0, 0, 1, 0, 1, 0, 0, 0, 0, 0, 0, 0, 0, 0, 0, 1]","[0.0, 0.0, 0.0, 0.0, 0.0, 0.16666666666666666, 0.2857142857142857, 0.375, 0.3333333333333333, 0.3, 0.2727272727272727, 0.3333333333333333, 0.3076923076923077, 0.35714285714285715, 0.3333333333333333, 0.3125, 0.29411764705882354, 0.2777777777777778, 0.2631578947368421, 0.3, 0.2857142857142857, 0.2727272727272727, 0.2608695652173913, 0.25, 0.24, 0.23076923076923078, 0.25925925925925924, 0.25, 0.27586206896551724, 0.26666666666666666, 0.2903225806451613, 0.3125, 0.3333333333333333, 0.3235294117647059, 0.3142857142857143, 0.3333333333333333, 0.32432432432432434, 0.3157894736842105, 0.3333333333333333, 0.325, 0.3170731707317073, 0.3333333333333333, 0.3488372093023256, 0.36363636363636365, 0.35555555555555557, 0.3695652173913043, 0.3829787234042553, 0.3958333333333333, 0.3877551020408163, 0.38]","[0.0, 0.5, 0.6666666666666666, 0.5, 0.6, 0.5, 0.42857142857142855, 0.375, 0.3333333333333333, 0.3, 0.2727272727272727, 0.25, 0.3076923076923077, 0.2857142857142857, 0.26666666666666666, 0.25, 0.23529411764705882, 0.2222222222222222, 0.21052631578947367, 0.2, 0.19047619047619047, 0.22727272727272727, 0.2608695652173913, 0.25, 0.24, 0.2692307692307692, 0.25925925925925924, 0.2857142857142857, 0.27586206896551724, 0.3, 0.2903225806451613, 0.28125, 0.2727272727272727, 0.29411764705882354, 0.3142857142857143, 0.3055555555555556, 0.2972972972972973, 0.2894736842105263, 0.28205128205128205, 0.3, 0.3170731707317073, 0.30952380952380953, 0.3023255813953488, 0.29545454545454547, 0.3111111111111111, 0.30434782608695654, 0.2978723404255319, 0.2916666666666667, 0.30612244897959184, 0.3]","[0.0, 0.0, 0.0, 0.0, 0.0, 0.16666666666666666, 0.14285714285714285, 0.125, 0.2222222222222222, 0.2, 0.18181818181818182, 0.25, 0.23076923076923078, 0.21428571428571427, 0.26666666666666666, 0.25, 0.23529411764705882, 0.2222222222222222, 0.21052631578947367, 0.25, 0.2857142857142857, 0.2727272727272727, 0.2608695652173913, 0.25, 0.24, 0.23076923076923078, 0.25925925925925924, 0.25, 0.2413793103448276, 0.23333333333333334, 0.22580645161290322, 0.21875, 0.21212121212121213, 0.20588235294117646, 0.2, 0.19444444444444445, 0.21621621621621623, 0.21052631578947367, 0.23076923076923078, 0.225, 0.21951219512195122, 0.21428571428571427, 0.20930232558139536, 0.20454545454545456, 0.2, 0.1956521739130435, 0.19148936170212766, 0.1875, 0.1836734693877551, 0.2]"
tDCS_0_load_0,82025,Female,"['B', 'A', 'B', 'R', 'A', 'B', 'B', 'B', 'B', 'R', 'A', 'A', 'R', 'A', 'A', 'A', 'R', 'R', 'A', 'R', 'R', 'A', 'B', 'R', 'B', 'B', 'B', 'B', 'R', 'A', 'R', 'R', 'R', 'A', 'R', 'B', 'A', 'B', 'B', 'B', 'B', 'R', 'A', 'R', 'B', 'B', 'B', 'B', 'B', 'R']","[4.082, 3.326, 3.022, 3.69, 3.557, 3.658, 2.615, 3.385, 4.79, 4.359, 4.227, 4.166, 3.691, 3.576, 4.147, 3.271, 3.792, 4.516, 3.868, 3.973, 2.228, 3.687, 3.651, 2.934, 3.681, 4.053, 4.082, 4.076, 4.0, 4.407, 3.046, 4.014, 3.82, 3.856, 3.666, 3.661, 3.038, 3.646, 3.77, 2.418, 3.841, 3.642, 4.461, 3.756, 4.093, 3.656, 2.621, 3.776, 3.759, 3.356]","[1, 0, 1, 0, 0, 1, 1, 1, 1, 0, 0, 0, 0, 0, 0, 0, 0, 0, 0, 0, 0, 0, 1, 0, 1, 1, 1, 1, 0, 0, 0, 0, 0, 0, 0, 1, 0, 1, 1, 1, 1, 0, 0, 0, 1, 1, 1, 1, 1, 0]","[0, 0, 0, 1, 0, 0, 0, 0, 0, 1, 0, 0, 1, 0, 0, 0, 1, 1, 0, 1, 1, 0, 0, 1, 0, 0, 0, 0, 1, 0, 1, 1, 1, 0, 1, 0, 0, 0, 0, 0, 0, 1, 0, 1, 0, 0, 0, 0, 0, 1]","[0, 1, 1, 0, 1, 1, 0, 0, 0, 0, 1, 0, 0, 0, 0, 0, 0, 0, 0, 0, 0, 0, 1, 0, 0, 0, 0, 0, 0, 1, 0, 0, 0, 0, 0, 1, 1, 1, 0, 0, 0, 0, 1, 0, 1, 0, 0, 0, 0, 0]","[1.0, 0.5, 0.6666666666666666, 0.5, 0.4, 0.5, 0.5714285714285714, 0.625, 0.6666666666666666, 0.6, 0.5454545454545454, 0.5, 0.46153846153846156, 0.42857142857142855, 0.4, 0.375, 0.35294117647058826, 0.3333333333333333, 0.3157894736842105, 0.3, 0.2857142857142857, 0.2727272727272727, 0.30434782608695654, 0.2916666666666667, 0.32, 0.34615384615384615, 0.37037037037037035, 0.39285714285714285, 0.3793103448275862, 0.36666666666666664, 0.3548387096774194, 0.34375, 0.3333333333333333, 0.3235294117647059, 0.3142857142857143, 0.3333333333333333, 0.32432432432432434, 0.34210526315789475, 0.358974358974359, 0.375, 0.3902439024390244, 0.38095238095238093, 0.37209302325581395, 0.36363636363636365, 0.37777777777777777, 0.391304347826087, 0.40425531914893614, 0.4166666666666667, 0.42857142857142855, 0.42]","[0.0, 0.0, 0.0, 0.25, 0.2, 0.16666666666666666, 0.14285714285714285, 0.125, 0.1111111111111111, 0.2, 0.18181818181818182, 0.16666666666666666, 0.23076923076923078, 0.21428571428571427, 0.2, 0.1875, 0.23529411764705882, 0.2777777777777778, 0.2631578947368421, 0.3, 0.3333333333333333, 0.3181818181818182, 0.30434782608695654, 0.3333333333333333, 0.32, 0.3076923076923077, 0.2962962962962963, 0.2857142857142857, 0.3103448275862069, 0.3, 0.3225806451612903, 0.34375, 0.36363636363636365, 0.35294117647058826, 0.37142857142857144, 0.3611111111111111, 0.35135135135135137, 0.34210526315789475, 0.3333333333333333, 0.325, 0.3170731707317073, 0.3333333333333333, 0.32558139534883723, 0.3409090909090909, 0.3333333333333333, 0.32608695652173914, 0.3191489361702128, 0.3125, 0.30612244897959184, 0.32]","[0.0, 0.5, 0.6666666666666666, 0.5, 0.6, 0.6666666666666666, 0.5714285714285714, 0.5, 0.4444444444444444, 0.4, 0.45454545454545453, 0.4166666666666667, 0.38461538461538464, 0.35714285714285715, 0.3333333333333333, 0.3125, 0.29411764705882354, 0.2777777777777778, 0.2631578947368421, 0.25, 0.23809523809523808, 0.22727272727272727, 0.2608695652173913, 0.25, 0.24, 0.23076923076923078, 0.2222222222222222, 0.21428571428571427, 0.20689655172413793, 0.23333333333333334, 0.22580645161290322, 0.21875, 0.21212121212121213, 0.20588235294117646, 0.2, 0.2222222222222222, 0.24324324324324326, 0.2631578947368421, 0.2564102564102564, 0.25, 0.24390243902439024, 0.23809523809523808, 0.2558139534883721, 0.25, 0.26666666666666666, 0.2608695652173913, 0.2553191489361702, 0.25, 0.24489795918367346, 0.24]"
tDCS_0_load_0,14052531,Male,"['A', 'R', 'R', 'B', 'R', 'A', 'R', 'R', 'B', 'B', 'B', 'B', 'B', 'A', 'R', 'A', 'A', 'B', 'R', 'A', 'B', 'B', 'A', 'A', 'B', 'B', 'R', 'R', 'B', 'B', 'A', 'R', 'B', 'R', 'R', 'B', 'B', 'R', 'R', 'B', 'R', 'A', 'R', 'B', 'R', 'R', 'B', 'A', 'R', 'A']","[3.222, 3.984, 4.381, 3.797, 3.385, 3.328, 2.769, 2.919, 2.885, 2.853, 3.443, 3.659, 3.164, 3.236, 3.009, 3.193, 3.506, 3.029, 3.557, 3.377, 2.862, 5.035, 3.316, 3.226, 4.77, 3.74, 4.629, 3.185, 3.139, 3.928, 2.557, 3.497, 3.457, 3.056, 3.997, 2.628, 3.674, 3.046, 3.47, 2.796, 3.132, 3.751, 3.066, 3.1, 3.592, 3.683, 3.595, 3.827, 4.126, 3.515]","[0, 0, 0, 1, 0, 0, 0, 0, 1, 1, 1, 1, 1, 0, 0, 0, 0, 1, 0, 0, 1, 1, 0, 0, 1, 1, 0, 0, 1, 1, 0, 0, 1, 0, 0, 1, 1, 0, 0, 1, 0, 0, 0, 1, 0, 0, 1, 0, 0, 0]","[0, 1, 1, 0, 1, 0, 1, 1, 0, 0, 0, 0, 0, 0, 1, 0, 0, 0, 1, 0, 0, 0, 0, 0, 0, 0, 1, 1, 0, 0, 0, 1, 0, 1, 1, 0, 0, 1, 1, 0, 1, 0, 1, 0, 1, 1, 0, 0, 1, 0]","[0, 0, 0, 1, 0, 1, 0, 0, 1, 0, 0, 0, 0, 1, 0, 0, 0, 1, 0, 1, 1, 0, 1, 0, 1, 0, 0, 0, 0, 0, 1, 0, 1, 0, 0, 0, 0, 0, 0, 0, 0, 1, 0, 1, 0, 0, 0, 1, 0, 0]","[0.0, 0.0, 0.0, 0.25, 0.2, 0.16666666666666666, 0.14285714285714285, 0.125, 0.2222222222222222, 0.3, 0.36363636363636365, 0.4166666666666667, 0.46153846153846156, 0.42857142857142855, 0.4, 0.375, 0.35294117647058826, 0.3888888888888889, 0.3684210526315789, 0.35, 0.38095238095238093, 0.4090909090909091, 0.391304347826087, 0.375, 0.4, 0.4230769230769231, 0.4074074074074074, 0.39285714285714285, 0.41379310344827586, 0.43333333333333335, 0.41935483870967744, 0.40625, 0.42424242424242425, 0.4117647058823529, 0.4, 0.4166666666666667, 0.43243243243243246, 0.42105263157894735, 0.41025641025641024, 0.425, 0.4146341463414634, 0.40476190476190477, 0.3953488372093023, 0.4090909090909091, 0.4, 0.391304347826087, 0.40425531914893614, 0.3958333333333333, 0.3877551020408163, 0.38]","[0.0, 0.5, 0.6666666666666666, 0.5, 0.6, 0.5, 0.5714285714285714, 0.625, 0.5555555555555556, 0.5, 0.45454545454545453, 0.4166666666666667, 0.38461538461538464, 0.35714285714285715, 0.4, 0.375, 0.35294117647058826, 0.3333333333333333, 0.3684210526315789, 0.35, 0.3333333333333333, 0.3181818181818182, 0.30434782608695654, 0.2916666666666667, 0.28, 0.2692307692307692, 0.2962962962962963, 0.32142857142857145, 0.3103448275862069, 0.3, 0.2903225806451613, 0.3125, 0.30303030303030304, 0.3235294117647059, 0.34285714285714286, 0.3333333333333333, 0.32432432432432434, 0.34210526315789475, 0.358974358974359, 0.35, 0.36585365853658536, 0.35714285714285715, 0.37209302325581395, 0.36363636363636365, 0.37777777777777777, 0.391304347826087, 0.3829787234042553, 0.375, 0.3877551020408163, 0.38]","[0.0, 0.0, 0.0, 0.25, 0.2, 0.3333333333333333, 0.2857142857142857, 0.25, 0.3333333333333333, 0.3, 0.2727272727272727, 0.25, 0.23076923076923078, 0.2857142857142857, 0.26666666666666666, 0.25, 0.23529411764705882, 0.2777777777777778, 0.2631578947368421, 0.3, 0.3333333333333333, 0.3181818181818182, 0.34782608695652173, 0.3333333333333333, 0.36, 0.34615384615384615, 0.3333333333333333, 0.32142857142857145, 0.3103448275862069, 0.3, 0.3225806451612903, 0.3125, 0.3333333333333333, 0.3235294117647059, 0.3142857142857143, 0.3055555555555556, 0.2972972972972973, 0.2894736842105263, 0.28205128205128205, 0.275, 0.2682926829268293, 0.2857142857142857, 0.27906976744186046, 0.29545454545454547, 0.28888888888888886, 0.2826086956521739, 0.2765957446808511, 0.2916666666666667, 0.2857142857142857, 0.28]"
tDCS_0_load_0,1705202531,Male,"['A', 'R', 'A', 'R', 'B', 'R', 'A', 'A', 'R', 'A', 'R', 'A', 'R', 'B', 'B', 'B', 'R', 'B', 'B', 'B', 'B', 'A', 'A', 'R', 'R', 'B', 'B', 'R', 'A', 'A', 'A', 'B', 'B', 'A', 'A', 'R', 'A', 'B', 'R', 'A', 'R', 'R', 'R', 'A', 'A', 'R', 'A', 'B', 'B', 'B']","[3.623, 4.037, 2.135, 2.995, 3.595, 3.751, 3.714, 4.093, 3.195, 3.378, 2.895, 4.079, 3.966, 2.715, 3.562, 3.055, 3.53, 3.783, 4.347, 3.515, 2.461, 3.207, 3.253, 2.58, 3.488, 3.083, 3.769, 3.422, 4.287, 3.154, 3.02, 4.599, 4.413, 3.68, 4.217, 3.503, 4.138, 3.519, 4.055, 4.162, 3.493, 2.777, 4.048, 3.152, 2.362, 3.384, 3.194, 3.999, 3.298, 4.653]","[0, 0, 0, 0, 1, 0, 0, 0, 0, 0, 0, 0, 0, 1, 1, 1, 0, 1, 1, 1, 1, 0, 0, 0, 0, 1, 1, 0, 0, 0, 0, 1, 1, 0, 0, 0, 0, 1, 0, 0, 0, 0, 0, 0, 0, 0, 0, 1, 1, 1]","[0, 1, 0, 1, 0, 1, 0, 0, 1, 0, 1, 0, 1, 0, 0, 0, 1, 0, 0, 0, 0, 0, 0, 1, 1, 0, 0, 1, 0, 0, 0, 0, 0, 0, 0, 1, 0, 0, 1, 0, 1, 1, 1, 0, 0, 1, 0, 0, 0, 0]","[0, 0, 0, 0, 1, 0, 1, 0, 0, 0, 0, 0, 0, 1, 0, 0, 0, 0, 0, 0, 0, 1, 0, 0, 0, 1, 0, 0, 1, 0, 0, 1, 0, 1, 0, 0, 0, 1, 0, 1, 0, 0, 0, 0, 0, 0, 0, 1, 0, 0]","[0.0, 0.0, 0.0, 0.0, 0.2, 0.16666666666666666, 0.14285714285714285, 0.125, 0.1111111111111111, 0.1, 0.09090909090909091, 0.08333333333333333, 0.07692307692307693, 0.14285714285714285, 0.2, 0.25, 0.23529411764705882, 0.2777777777777778, 0.3157894736842105, 0.35, 0.38095238095238093, 0.36363636363636365, 0.34782608695652173, 0.3333333333333333, 0.32, 0.34615384615384615, 0.37037037037037035, 0.35714285714285715, 0.3448275862068966, 0.3333333333333333, 0.3225806451612903, 0.34375, 0.36363636363636365, 0.35294117647058826, 0.34285714285714286, 0.3333333333333333, 0.32432432432432434, 0.34210526315789475, 0.3333333333333333, 0.325, 0.3170731707317073, 0.30952380952380953, 0.3023255813953488, 0.29545454545454547, 0.28888888888888886, 0.2826086956521739, 0.2765957446808511, 0.2916666666666667, 0.30612244897959184, 0.32]","[0.0, 0.5, 0.3333333333333333, 0.5, 0.4, 0.5, 0.42857142857142855, 0.375, 0.4444444444444444, 0.4, 0.45454545454545453, 0.4166666666666667, 0.46153846153846156, 0.42857142857142855, 0.4, 0.375, 0.4117647058823529, 0.3888888888888889, 0.3684210526315789, 0.35, 0.3333333333333333, 0.3181818181818182, 0.30434782608695654, 0.3333333333333333, 0.36, 0.34615384615384615, 0.3333333333333333, 0.35714285714285715, 0.3448275862068966, 0.3333333333333333, 0.3225806451612903, 0.3125, 0.30303030303030304, 0.29411764705882354, 0.2857142857142857, 0.3055555555555556, 0.2972972972972973, 0.2894736842105263, 0.3076923076923077, 0.3, 0.3170731707317073, 0.3333333333333333, 0.3488372093023256, 0.3409090909090909, 0.3333333333333333, 0.34782608695652173, 0.3404255319148936, 0.3333333333333333, 0.32653061224489793, 0.32]","[0.0, 0.0, 0.0, 0.0, 0.2, 0.16666666666666666, 0.2857142857142857, 0.25, 0.2222222222222222, 0.2, 0.18181818181818182, 0.16666666666666666, 0.15384615384615385, 0.21428571428571427, 0.2, 0.1875, 0.17647058823529413, 0.16666666666666666, 0.15789473684210525, 0.15, 0.14285714285714285, 0.18181818181818182, 0.17391304347826086, 0.16666666666666666, 0.16, 0.19230769230769232, 0.18518518518518517, 0.17857142857142858, 0.20689655172413793, 0.2, 0.1935483870967742, 0.21875, 0.21212121212121213, 0.23529411764705882, 0.22857142857142856, 0.2222222222222222, 0.21621621621621623, 0.23684210526315788, 0.23076923076923078, 0.25, 0.24390243902439024, 0.23809523809523808, 0.23255813953488372, 0.22727272727272727, 0.2222222222222222, 0.21739130434782608, 0.2127659574468085, 0.22916666666666666, 0.22448979591836735, 0.22]"
tDCS_0_load_0,1002526,Female,"['A', 'A', 'B', 'R', 'A', 'R', 'B', 'R', 'B', 'B', 'A', 'R', 'R', 'B', 'B', 'R', 'B', 'A', 'R', 'B', 'R', 'R', 'B', 'B', 'B', 'B', 'A', 'R', 'R', 'A', 'R', 'R', 'R', 'A', 'A', 'A', 'R', 'A', 'A', 'A', 'A', 'B', 'B', 'A', 'R', 'B', 'B', 'R', 'B', 'B', nan, nan, nan, nan, nan]","[3.633, 3.905, 3.77, 3.473, 4.169, 2.287, 3.797, 3.749, 3.858, 2.135, 3.961, 2.926, 4.116, 2.783, 3.324, 3.868, 3.348, 3.173, 3.901, 4.257, 2.135, 3.666, 4.735, 3.619, 4.817, 3.63, 3.762, 3.783, 5.039, 3.353, 3.408, 3.63, 4.338, 4.007, 3.203, 4.66, 4.057, 3.945, 3.301, 3.207, 3.852, 4.445, 4.289, 3.007, 3.334, 3.616, 4.809, 2.448, 3.721, 3.453, nan, nan, nan, nan, nan]","[0, 0, 1, 0, 0, 0, 1, 0, 1, 1, 0, 0, 0, 1, 1, 0, 1, 0, 0, 1, 0, 0, 1, 1, 1, 1, 0, 0, 0, 0, 0, 0, 0, 0, 0, 0, 0, 0, 0, 0, 0, 1, 1, 0, 0, 1, 1, 0, 1, 1, 0, 0, 0, 0, 0]","[0, 0, 0, 1, 0, 1, 0, 1, 0, 0, 0, 1, 1, 0, 0, 1, 0, 0, 1, 0, 1, 1, 0, 0, 0, 0, 0, 1, 1, 0, 1, 1, 1, 0, 0, 0, 1, 0, 0, 0, 0, 0, 0, 0, 1, 0, 0, 1, 0, 0, 0, 0, 0, 0, 0]","[0, 0, 1, 0, 1, 0, 1, 0, 0, 0, 1, 0, 0, 1, 0, 0, 0, 1, 0, 1, 0, 0, 0, 0, 0, 0, 1, 0, 0, 0, 0, 0, 0, 0, 0, 0, 0, 0, 0, 0, 0, 1, 0, 1, 0, 1, 0, 0, 0, 0, 0, 0, 0, 0, 0]","[0.0, 0.0, 0.3333333333333333, 0.25, 0.2, 0.16666666666666666, 0.2857142857142857, 0.25, 0.3333333333333333, 0.4, 0.36363636363636365, 0.3333333333333333, 0.3076923076923077, 0.35714285714285715, 0.4, 0.375, 0.4117647058823529, 0.3888888888888889, 0.3684210526315789, 0.4, 0.38095238095238093, 0.36363636363636365, 0.391304347826087, 0.4166666666666667, 0.44, 0.46153846153846156, 0.4444444444444444, 0.42857142857142855, 0.41379310344827586, 0.4, 0.3870967741935484, 0.375, 0.36363636363636365, 0.35294117647058826, 0.34285714285714286, 0.3333333333333333, 0.32432432432432434, 0.3157894736842105, 0.3076923076923077, 0.3, 0.2926829268292683, 0.30952380952380953, 0.32558139534883723, 0.3181818181818182, 0.3111111111111111, 0.32608695652173914, 0.3404255319148936, 0.3333333333333333, 0.3469387755102041, 0.36, 0.35294117647058826, 0.34615384615384615, 0.33962264150943394, 0.3333333333333333, 0.32727272727272727]","[0.0, 0.0, 0.0, 0.25, 0.2, 0.3333333333333333, 0.2857142857142857, 0.375, 0.3333333333333333, 0.3, 0.2727272727272727, 0.3333333333333333, 0.38461538461538464, 0.35714285714285715, 0.3333333333333333, 0.375, 0.35294117647058826, 0.3333333333333333, 0.3684210526315789, 0.35, 0.38095238095238093, 0.4090909090909091, 0.391304347826087, 0.375, 0.36, 0.34615384615384615, 0.3333333333333333, 0.35714285714285715, 0.3793103448275862, 0.36666666666666664, 0.3870967741935484, 0.40625, 0.42424242424242425, 0.4117647058823529, 0.4, 0.3888888888888889, 0.40540540540540543, 0.39473684210526316, 0.38461538461538464, 0.375, 0.36585365853658536, 0.35714285714285715, 0.3488372093023256, 0.3409090909090909, 0.35555555555555557, 0.34782608695652173, 0.3404255319148936, 0.3541666666666667, 0.3469387755102041, 0.34, 0.3333333333333333, 0.3269230769230769, 0.32075471698113206, 0.3148148148148148, 0.3090909090909091]","[0.0, 0.0, 0.3333333333333333, 0.25, 0.4, 0.3333333333333333, 0.42857142857142855, 0.375, 0.3333333333333333, 0.3, 0.36363636363636365, 0.3333333333333333, 0.3076923076923077, 0.35714285714285715, 0.3333333333333333, 0.3125, 0.29411764705882354, 0.3333333333333333, 0.3157894736842105, 0.35, 0.3333333333333333, 0.3181818181818182, 0.30434782608695654, 0.2916666666666667, 0.28, 0.2692307692307692, 0.2962962962962963, 0.2857142857142857, 0.27586206896551724, 0.26666666666666666, 0.25806451612903225, 0.25, 0.24242424242424243, 0.23529411764705882, 0.22857142857142856, 0.2222222222222222, 0.21621621621621623, 0.21052631578947367, 0.20512820512820512, 0.2, 0.1951219512195122, 0.21428571428571427, 0.20930232558139536, 0.22727272727272727, 0.2222222222222222, 0.2391304347826087, 0.23404255319148937, 0.22916666666666666, 0.22448979591836735, 0.22, 0.21568627450980393, 0.21153846153846154, 0.20754716981132076, 0.2037037037037037, 0.2]"
tDCS_0_load_1,m29,Male,"['B', 'R', 'A', 'B', 'R', 'B', 'A', 'B', 'A', 'R', 'A', 'B', 'R', 'B', 'A', 'A', 'A', 'A', 'R', 'R', 'A', 'R', 'B', 'A', 'B', 'A', 'R', 'B', 'A', 'B', 'B', 'R', 'A', 'R', 'B', 'A', 'A', 'A', 'B', 'A', 'A', 'A', 'A', 'R', 'B', 'A', 'B', 'R', 'B', 'B']","[4.591, 4.034, 4.054, 3.175, 2.396, 3.326, 2.936, 2.762, 3.086, 4.674, 4.135, 3.935, 3.461, 3.118, 2.807, 2.91, 3.939, 5.316, 3.884, 3.161, 4.065, 3.508, 2.475, 3.943, 3.489, 3.247, 4.392, 2.958, 3.386, 3.66, 3.927, 3.93, 2.936, 2.905, 4.355, 2.683, 4.395, 3.831, 2.654, 3.54, 3.337, 4.025, 2.752, 3.824, 2.835, 3.865, 4.105, 4.13, 3.029, 2.543]","[1, 0, 0, 1, 0, 1, 0, 1, 0, 0, 0, 1, 0, 1, 0, 0, 0, 0, 0, 0, 0, 0, 1, 0, 1, 0, 0, 1, 0, 1, 1, 0, 0, 0, 1, 0, 0, 0, 1, 0, 0, 0, 0, 0, 1, 0, 1, 0, 1, 1]","[0, 1, 0, 0, 1, 0, 0, 0, 0, 1, 0, 0, 1, 0, 0, 0, 0, 0, 1, 1, 0, 1, 0, 0, 0, 0, 1, 0, 0, 0, 0, 1, 0, 1, 0, 0, 0, 0, 0, 0, 0, 0, 0, 1, 0, 0, 0, 1, 0, 0]","[0, 0, 1, 1, 0, 0, 1, 1, 1, 0, 0, 1, 0, 0, 1, 0, 0, 0, 0, 0, 0, 0, 1, 1, 1, 1, 0, 1, 1, 1, 0, 0, 1, 0, 1, 1, 0, 0, 1, 1, 0, 0, 0, 0, 1, 1, 1, 0, 0, 0]","[1.0, 0.5, 0.3333333333333333, 0.5, 0.4, 0.5, 0.42857142857142855, 0.5, 0.4444444444444444, 0.4, 0.36363636363636365, 0.4166666666666667, 0.38461538461538464, 0.42857142857142855, 0.4, 0.375, 0.35294117647058826, 0.3333333333333333, 0.3157894736842105, 0.3, 0.2857142857142857, 0.2727272727272727, 0.30434782608695654, 0.2916666666666667, 0.32, 0.3076923076923077, 0.2962962962962963, 0.32142857142857145, 0.3103448275862069, 0.3333333333333333, 0.3548387096774194, 0.34375, 0.3333333333333333, 0.3235294117647059, 0.34285714285714286, 0.3333333333333333, 0.32432432432432434, 0.3157894736842105, 0.3333333333333333, 0.325, 0.3170731707317073, 0.30952380952380953, 0.3023255813953488, 0.29545454545454547, 0.3111111111111111, 0.30434782608695654, 0.3191489361702128, 0.3125, 0.32653061224489793, 0.34]","[0.0, 0.5, 0.3333333333333333, 0.25, 0.4, 0.3333333333333333, 0.2857142857142857, 0.25, 0.2222222222222222, 0.3, 0.2727272727272727, 0.25, 0.3076923076923077, 0.2857142857142857, 0.26666666666666666, 0.25, 0.23529411764705882, 0.2222222222222222, 0.2631578947368421, 0.3, 0.2857142857142857, 0.3181818181818182, 0.30434782608695654, 0.2916666666666667, 0.28, 0.2692307692307692, 0.2962962962962963, 0.2857142857142857, 0.27586206896551724, 0.26666666666666666, 0.25806451612903225, 0.28125, 0.2727272727272727, 0.29411764705882354, 0.2857142857142857, 0.2777777777777778, 0.2702702702702703, 0.2631578947368421, 0.2564102564102564, 0.25, 0.24390243902439024, 0.23809523809523808, 0.23255813953488372, 0.25, 0.24444444444444444, 0.2391304347826087, 0.23404255319148937, 0.25, 0.24489795918367346, 0.24]","[0.0, 0.0, 0.3333333333333333, 0.5, 0.4, 0.3333333333333333, 0.42857142857142855, 0.5, 0.5555555555555556, 0.5, 0.45454545454545453, 0.5, 0.46153846153846156, 0.42857142857142855, 0.4666666666666667, 0.4375, 0.4117647058823529, 0.3888888888888889, 0.3684210526315789, 0.35, 0.3333333333333333, 0.3181818181818182, 0.34782608695652173, 0.375, 0.4, 0.4230769230769231, 0.4074074074074074, 0.42857142857142855, 0.4482758620689655, 0.4666666666666667, 0.45161290322580644, 0.4375, 0.45454545454545453, 0.4411764705882353, 0.45714285714285713, 0.4722222222222222, 0.4594594594594595, 0.4473684210526316, 0.46153846153846156, 0.475, 0.4634146341463415, 0.4523809523809524, 0.4418604651162791, 0.4318181818181818, 0.4444444444444444, 0.45652173913043476, 0.46808510638297873, 0.4583333333333333, 0.4489795918367347, 0.44]"
tDCS_0_load_1,M24,Male,"['A', 'R', 'B', 'R', 'A', 'R', 'A', 'R', 'B', 'R', 'A', 'R', 'A', 'B', 'A', 'B', 'R', 'A', 'B', 'B', 'B', 'B', 'A', 'B', 'A', 'R', 'A', 'R', 'R', 'R', 'R', 'A', 'R', 'R', 'B', 'B', 'R', 'B', 'R', 'B', 'A', 'R', 'A', 'A', 'R', 'A', 'A', 'A', 'A', 'B']","[3.464, 4.234, 3.495, 4.054, 3.593, 3.146, 3.763, 3.537, 3.52, 3.725, 3.48, 2.828, 3.076, 3.693, 3.314, 4.382, 3.809, 3.997, 3.471, 2.853, 3.44, 3.799, 2.781, 3.036, 3.197, 2.354, 3.843, 4.074, 5.051, 3.551, 4.648, 3.649, 3.491, 3.142, 4.486, 3.067, 2.93, 4.369, 4.177, 3.762, 3.501, 4.78, 2.615, 4.001, 4.502, 4.528, 2.944, 4.11, 3.572, 3.442]","[0, 0, 1, 0, 0, 0, 0, 0, 1, 0, 0, 0, 0, 1, 0, 1, 0, 0, 1, 1, 1, 1, 0, 1, 0, 0, 0, 0, 0, 0, 0, 0, 0, 0, 1, 1, 0, 1, 0, 1, 0, 0, 0, 0, 0, 0, 0, 0, 0, 1]","[0, 1, 0, 1, 0, 1, 0, 1, 0, 1, 0, 1, 0, 0, 0, 0, 1, 0, 0, 0, 0, 0, 0, 0, 0, 1, 0, 1, 1, 1, 1, 0, 1, 1, 0, 0, 1, 0, 1, 0, 0, 1, 0, 0, 1, 0, 0, 0, 0, 0]","[0, 0, 1, 0, 1, 0, 0, 0, 1, 0, 1, 0, 0, 1, 1, 1, 0, 1, 1, 0, 0, 0, 1, 1, 1, 0, 0, 0, 0, 0, 0, 0, 0, 0, 1, 0, 0, 0, 0, 0, 1, 0, 0, 0, 0, 0, 0, 0, 0, 1]","[0.0, 0.0, 0.3333333333333333, 0.25, 0.2, 0.16666666666666666, 0.14285714285714285, 0.125, 0.2222222222222222, 0.2, 0.18181818181818182, 0.16666666666666666, 0.15384615384615385, 0.21428571428571427, 0.2, 0.25, 0.23529411764705882, 0.2222222222222222, 0.2631578947368421, 0.3, 0.3333333333333333, 0.36363636363636365, 0.34782608695652173, 0.375, 0.36, 0.34615384615384615, 0.3333333333333333, 0.32142857142857145, 0.3103448275862069, 0.3, 0.2903225806451613, 0.28125, 0.2727272727272727, 0.2647058823529412, 0.2857142857142857, 0.3055555555555556, 0.2972972972972973, 0.3157894736842105, 0.3076923076923077, 0.325, 0.3170731707317073, 0.30952380952380953, 0.3023255813953488, 0.29545454545454547, 0.28888888888888886, 0.2826086956521739, 0.2765957446808511, 0.2708333333333333, 0.2653061224489796, 0.28]","[0.0, 0.5, 0.3333333333333333, 0.5, 0.4, 0.5, 0.42857142857142855, 0.5, 0.4444444444444444, 0.5, 0.45454545454545453, 0.5, 0.46153846153846156, 0.42857142857142855, 0.4, 0.375, 0.4117647058823529, 0.3888888888888889, 0.3684210526315789, 0.35, 0.3333333333333333, 0.3181818181818182, 0.30434782608695654, 0.2916666666666667, 0.28, 0.3076923076923077, 0.2962962962962963, 0.32142857142857145, 0.3448275862068966, 0.36666666666666664, 0.3870967741935484, 0.375, 0.3939393939393939, 0.4117647058823529, 0.4, 0.3888888888888889, 0.40540540540540543, 0.39473684210526316, 0.41025641025641024, 0.4, 0.3902439024390244, 0.40476190476190477, 0.3953488372093023, 0.38636363636363635, 0.4, 0.391304347826087, 0.3829787234042553, 0.375, 0.3673469387755102, 0.36]","[0.0, 0.0, 0.3333333333333333, 0.25, 0.4, 0.3333333333333333, 0.2857142857142857, 0.25, 0.3333333333333333, 0.3, 0.36363636363636365, 0.3333333333333333, 0.3076923076923077, 0.35714285714285715, 0.4, 0.4375, 0.4117647058823529, 0.4444444444444444, 0.47368421052631576, 0.45, 0.42857142857142855, 0.4090909090909091, 0.43478260869565216, 0.4583333333333333, 0.48, 0.46153846153846156, 0.4444444444444444, 0.42857142857142855, 0.41379310344827586, 0.4, 0.3870967741935484, 0.375, 0.36363636363636365, 0.35294117647058826, 0.37142857142857144, 0.3611111111111111, 0.35135135135135137, 0.34210526315789475, 0.3333333333333333, 0.325, 0.34146341463414637, 0.3333333333333333, 0.32558139534883723, 0.3181818181818182, 0.3111111111111111, 0.30434782608695654, 0.2978723404255319, 0.2916666666666667, 0.2857142857142857, 0.3]"
tDCS_0_load_1,m23,Male,"['B', 'R', 'A', 'R', 'A', 'B', 'A', 'R', 'B', 'A', 'R', 'A', 'R', 'A', 'B', 'B', 'A', 'A', 'R', 'R', 'R', 'A', 'A', 'A', 'B', 'B', 'A', 'B', 'A', 'A', 'A', 'A', 'A', 'A', 'A', 'R', 'B', 'B', 'R', 'B', 'R', 'A', 'A', 'B', 'A', 'B', 'A', 'A', 'A', 'R']","[4.047, 4.644, 3.693, 3.906, 3.166, 3.804, 3.732, 3.61, 3.506, 3.556, 3.92, 5.494, 3.032, 3.095, 2.539, 4.111, 4.034, 2.697, 3.458, 2.509, 3.57, 3.189, 3.482, 3.204, 3.438, 4.179, 4.269, 4.115, 3.072, 3.928, 2.977, 3.445, 4.227, 3.986, 3.467, 3.781, 3.693, 4.579, 3.802, 3.063, 2.809, 4.585, 2.966, 2.669, 2.695, 4.856, 3.069, 4.93, 4.57, 3.938]","[1, 0, 0, 0, 0, 1, 0, 0, 1, 0, 0, 0, 0, 0, 1, 1, 0, 0, 0, 0, 0, 0, 0, 0, 1, 1, 0, 1, 0, 0, 0, 0, 0, 0, 0, 0, 1, 1, 0, 1, 0, 0, 0, 1, 0, 1, 0, 0, 0, 0]","[0, 1, 0, 1, 0, 0, 0, 1, 0, 0, 1, 0, 1, 0, 0, 0, 0, 0, 1, 1, 1, 0, 0, 0, 0, 0, 0, 0, 0, 0, 0, 0, 0, 0, 0, 1, 0, 0, 1, 0, 1, 0, 0, 0, 0, 0, 0, 0, 0, 1]","[0, 0, 1, 0, 0, 1, 1, 0, 1, 1, 0, 0, 0, 0, 1, 0, 1, 0, 0, 0, 0, 0, 0, 0, 1, 0, 1, 1, 1, 0, 0, 0, 0, 0, 0, 0, 1, 0, 0, 0, 0, 1, 0, 1, 1, 1, 1, 0, 0, 0]","[1.0, 0.5, 0.3333333333333333, 0.25, 0.2, 0.3333333333333333, 0.2857142857142857, 0.25, 0.3333333333333333, 0.3, 0.2727272727272727, 0.25, 0.23076923076923078, 0.21428571428571427, 0.26666666666666666, 0.3125, 0.29411764705882354, 0.2777777777777778, 0.2631578947368421, 0.25, 0.23809523809523808, 0.22727272727272727, 0.21739130434782608, 0.20833333333333334, 0.24, 0.2692307692307692, 0.25925925925925924, 0.2857142857142857, 0.27586206896551724, 0.26666666666666666, 0.25806451612903225, 0.25, 0.24242424242424243, 0.23529411764705882, 0.22857142857142856, 0.2222222222222222, 0.24324324324324326, 0.2631578947368421, 0.2564102564102564, 0.275, 0.2682926829268293, 0.2619047619047619, 0.2558139534883721, 0.2727272727272727, 0.26666666666666666, 0.2826086956521739, 0.2765957446808511, 0.2708333333333333, 0.2653061224489796, 0.26]","[0.0, 0.5, 0.3333333333333333, 0.5, 0.4, 0.3333333333333333, 0.2857142857142857, 0.375, 0.3333333333333333, 0.3, 0.36363636363636365, 0.3333333333333333, 0.38461538461538464, 0.35714285714285715, 0.3333333333333333, 0.3125, 0.29411764705882354, 0.2777777777777778, 0.3157894736842105, 0.35, 0.38095238095238093, 0.36363636363636365, 0.34782608695652173, 0.3333333333333333, 0.32, 0.3076923076923077, 0.2962962962962963, 0.2857142857142857, 0.27586206896551724, 0.26666666666666666, 0.25806451612903225, 0.25, 0.24242424242424243, 0.23529411764705882, 0.22857142857142856, 0.25, 0.24324324324324326, 0.23684210526315788, 0.2564102564102564, 0.25, 0.2682926829268293, 0.2619047619047619, 0.2558139534883721, 0.25, 0.24444444444444444, 0.2391304347826087, 0.23404255319148937, 0.22916666666666666, 0.22448979591836735, 0.24]","[0.0, 0.0, 0.3333333333333333, 0.25, 0.2, 0.3333333333333333, 0.42857142857142855, 0.375, 0.4444444444444444, 0.5, 0.45454545454545453, 0.4166666666666667, 0.38461538461538464, 0.35714285714285715, 0.4, 0.375, 0.4117647058823529, 0.3888888888888889, 0.3684210526315789, 0.35, 0.3333333333333333, 0.3181818181818182, 0.30434782608695654, 0.2916666666666667, 0.32, 0.3076923076923077, 0.3333333333333333, 0.35714285714285715, 0.3793103448275862, 0.36666666666666664, 0.3548387096774194, 0.34375, 0.3333333333333333, 0.3235294117647059, 0.3142857142857143, 0.3055555555555556, 0.32432432432432434, 0.3157894736842105, 0.3076923076923077, 0.3, 0.2926829268292683, 0.30952380952380953, 0.3023255813953488, 0.3181818181818182, 0.3333333333333333, 0.34782608695652173, 0.3617021276595745, 0.3541666666666667, 0.3469387755102041, 0.34]"
tDCS_0_load_1,M3,Male,"['B', 'A', 'B', 'A', 'B', 'R', 'A', 'R', 'B', 'A', 'R', 'A', 'B', 'A', 'R', 'B', 'B', 'R', 'R', 'B', 'A', 'B', 'B', 'A', 'A', 'A', 'A', 'A', 'R', 'A', 'A', 'B', 'A', 'B', 'A', 'A', 'R', 'A', 'A', 'A', 'A', 'B', 'A', 'A', 'A', 'B', 'A', 'A', 'B', 'B']","[3.409, 3.807, 3.928, 2.979, 2.985, 3.667, 2.896, 3.821, 4.197, 3.885, 3.149, 4.976, 4.173, 4.337, 4.186, 3.655, 3.27, 3.769, 4.468, 4.256, 4.064, 3.808, 3.689, 4.15, 4.377, 4.561, 3.535, 3.371, 3.854, 4.491, 3.513, 3.64, 3.928, 3.347, 3.229, 3.612, 3.972, 4.047, 3.348, 3.154, 3.192, 3.569, 5.142, 3.307, 3.512, 4.566, 4.347, 4.111, 2.991, 3.226]","[1, 0, 1, 0, 1, 0, 0, 0, 1, 0, 0, 0, 1, 0, 0, 1, 1, 0, 0, 1, 0, 1, 1, 0, 0, 0, 0, 0, 0, 0, 0, 1, 0, 1, 0, 0, 0, 0, 0, 0, 0, 1, 0, 0, 0, 1, 0, 0, 1, 1]","[0, 0, 0, 0, 0, 1, 0, 1, 0, 0, 1, 0, 0, 0, 1, 0, 0, 1, 1, 0, 0, 0, 0, 0, 0, 0, 0, 0, 1, 0, 0, 0, 0, 0, 0, 0, 1, 0, 0, 0, 0, 0, 0, 0, 0, 0, 0, 0, 0, 0]","[0, 1, 1, 1, 1, 0, 1, 0, 1, 1, 0, 0, 1, 1, 0, 1, 0, 0, 0, 0, 1, 1, 0, 1, 0, 0, 0, 0, 0, 0, 0, 1, 1, 1, 1, 0, 0, 0, 0, 0, 0, 1, 1, 0, 0, 1, 1, 0, 1, 0]","[1.0, 0.5, 0.6666666666666666, 0.5, 0.6, 0.5, 0.42857142857142855, 0.375, 0.4444444444444444, 0.4, 0.36363636363636365, 0.3333333333333333, 0.38461538461538464, 0.35714285714285715, 0.3333333333333333, 0.375, 0.4117647058823529, 0.3888888888888889, 0.3684210526315789, 0.4, 0.38095238095238093, 0.4090909090909091, 0.43478260869565216, 0.4166666666666667, 0.4, 0.38461538461538464, 0.37037037037037035, 0.35714285714285715, 0.3448275862068966, 0.3333333333333333, 0.3225806451612903, 0.34375, 0.3333333333333333, 0.35294117647058826, 0.34285714285714286, 0.3333333333333333, 0.32432432432432434, 0.3157894736842105, 0.3076923076923077, 0.3, 0.2926829268292683, 0.30952380952380953, 0.3023255813953488, 0.29545454545454547, 0.28888888888888886, 0.30434782608695654, 0.2978723404255319, 0.2916666666666667, 0.30612244897959184, 0.32]","[0.0, 0.0, 0.0, 0.0, 0.0, 0.16666666666666666, 0.14285714285714285, 0.25, 0.2222222222222222, 0.2, 0.2727272727272727, 0.25, 0.23076923076923078, 0.21428571428571427, 0.26666666666666666, 0.25, 0.23529411764705882, 0.2777777777777778, 0.3157894736842105, 0.3, 0.2857142857142857, 0.2727272727272727, 0.2608695652173913, 0.25, 0.24, 0.23076923076923078, 0.2222222222222222, 0.21428571428571427, 0.2413793103448276, 0.23333333333333334, 0.22580645161290322, 0.21875, 0.21212121212121213, 0.20588235294117646, 0.2, 0.19444444444444445, 0.21621621621621623, 0.21052631578947367, 0.20512820512820512, 0.2, 0.1951219512195122, 0.19047619047619047, 0.18604651162790697, 0.18181818181818182, 0.17777777777777778, 0.17391304347826086, 0.1702127659574468, 0.16666666666666666, 0.16326530612244897, 0.16]","[0.0, 0.5, 0.6666666666666666, 0.75, 0.8, 0.6666666666666666, 0.7142857142857143, 0.625, 0.6666666666666666, 0.7, 0.6363636363636364, 0.5833333333333334, 0.6153846153846154, 0.6428571428571429, 0.6, 0.625, 0.5882352941176471, 0.5555555555555556, 0.5263157894736842, 0.5, 0.5238095238095238, 0.5454545454545454, 0.5217391304347826, 0.5416666666666666, 0.52, 0.5, 0.48148148148148145, 0.4642857142857143, 0.4482758620689655, 0.43333333333333335, 0.41935483870967744, 0.4375, 0.45454545454545453, 0.47058823529411764, 0.4857142857142857, 0.4722222222222222, 0.4594594594594595, 0.4473684210526316, 0.4358974358974359, 0.425, 0.4146341463414634, 0.42857142857142855, 0.4418604651162791, 0.4318181818181818, 0.4222222222222222, 0.43478260869565216, 0.44680851063829785, 0.4375, 0.4489795918367347, 0.44]"
tDCS_0_load_1,t2,Male,"['B', 'A', 'B', 'R', 'A', 'B', 'A', 'B', 'A', 'A', 'R', 'A', 'B', 'A', 'A', 'A', 'R', 'A', 'A', 'A', 'B', 'A', 'A', 'R', 'A', 'A', 'A', 'A', 'R', 'R', 'B', 'R', 'A', 'A', 'A', 'R', 'R', 'A', 'B', 'A', 'R', 'A', 'B', 'A', 'A', 'A', 'A', 'B', 'B', 'B']","[4.994, 3.622, 4.361, 2.802, 4.307, 2.546, 3.615, 4.598, 4.788, 4.194, 2.818, 3.368, 4.02, 3.021, 3.241, 2.878, 3.079, 2.471, 3.013, 4.426, 2.889, 3.957, 3.367, 2.817, 3.201, 3.95, 3.058, 3.431, 2.609, 3.85, 4.384, 3.746, 3.112, 3.619, 4.104, 3.093, 3.84, 3.429, 3.782, 2.123, 3.701, 2.859, 4.131, 3.956, 4.18, 3.812, 2.978, 3.332, 3.971, 3.608]","[1, 0, 1, 0, 0, 1, 0, 1, 0, 0, 0, 0, 1, 0, 0, 0, 0, 0, 0, 0, 1, 0, 0, 0, 0, 0, 0, 0, 0, 0, 1, 0, 0, 0, 0, 0, 0, 0, 1, 0, 0, 0, 1, 0, 0, 0, 0, 1, 1, 1]","[0, 0, 0, 1, 0, 0, 0, 0, 0, 0, 1, 0, 0, 0, 0, 0, 1, 0, 0, 0, 0, 0, 0, 1, 0, 0, 0, 0, 1, 1, 0, 1, 0, 0, 0, 1, 1, 0, 0, 0, 1, 0, 0, 0, 0, 0, 0, 0, 0, 0]","[0, 1, 1, 0, 1, 1, 1, 1, 1, 0, 0, 0, 1, 1, 0, 0, 0, 0, 0, 0, 1, 1, 0, 0, 0, 0, 0, 0, 0, 0, 1, 0, 1, 0, 0, 0, 0, 0, 1, 1, 0, 0, 1, 1, 0, 0, 0, 1, 0, 0]","[1.0, 0.5, 0.6666666666666666, 0.5, 0.4, 0.5, 0.42857142857142855, 0.5, 0.4444444444444444, 0.4, 0.36363636363636365, 0.3333333333333333, 0.38461538461538464, 0.35714285714285715, 0.3333333333333333, 0.3125, 0.29411764705882354, 0.2777777777777778, 0.2631578947368421, 0.25, 0.2857142857142857, 0.2727272727272727, 0.2608695652173913, 0.25, 0.24, 0.23076923076923078, 0.2222222222222222, 0.21428571428571427, 0.20689655172413793, 0.2, 0.22580645161290322, 0.21875, 0.21212121212121213, 0.20588235294117646, 0.2, 0.19444444444444445, 0.1891891891891892, 0.18421052631578946, 0.20512820512820512, 0.2, 0.1951219512195122, 0.19047619047619047, 0.20930232558139536, 0.20454545454545456, 0.2, 0.1956521739130435, 0.19148936170212766, 0.20833333333333334, 0.22448979591836735, 0.24]","[0.0, 0.0, 0.0, 0.25, 0.2, 0.16666666666666666, 0.14285714285714285, 0.125, 0.1111111111111111, 0.1, 0.18181818181818182, 0.16666666666666666, 0.15384615384615385, 0.14285714285714285, 0.13333333333333333, 0.125, 0.17647058823529413, 0.16666666666666666, 0.15789473684210525, 0.15, 0.14285714285714285, 0.13636363636363635, 0.13043478260869565, 0.16666666666666666, 0.16, 0.15384615384615385, 0.14814814814814814, 0.14285714285714285, 0.1724137931034483, 0.2, 0.1935483870967742, 0.21875, 0.21212121212121213, 0.20588235294117646, 0.2, 0.2222222222222222, 0.24324324324324326, 0.23684210526315788, 0.23076923076923078, 0.225, 0.24390243902439024, 0.23809523809523808, 0.23255813953488372, 0.22727272727272727, 0.2222222222222222, 0.21739130434782608, 0.2127659574468085, 0.20833333333333334, 0.20408163265306123, 0.2]","[0.0, 0.5, 0.6666666666666666, 0.5, 0.6, 0.6666666666666666, 0.7142857142857143, 0.75, 0.7777777777777778, 0.7, 0.6363636363636364, 0.5833333333333334, 0.6153846153846154, 0.6428571428571429, 0.6, 0.5625, 0.5294117647058824, 0.5, 0.47368421052631576, 0.45, 0.47619047619047616, 0.5, 0.4782608695652174, 0.4583333333333333, 0.44, 0.4230769230769231, 0.4074074074074074, 0.39285714285714285, 0.3793103448275862, 0.36666666666666664, 0.3870967741935484, 0.375, 0.3939393939393939, 0.38235294117647056, 0.37142857142857144, 0.3611111111111111, 0.35135135135135137, 0.34210526315789475, 0.358974358974359, 0.375, 0.36585365853658536, 0.35714285714285715, 0.37209302325581395, 0.38636363636363635, 0.37777777777777777, 0.3695652173913043, 0.3617021276595745, 0.375, 0.3673469387755102, 0.36]"
tDCS_0_load_1,eder3,Male,"['R', 'B', 'A', 'B', 'A', 'B', 'B', 'R', 'R', 'R', 'R', 'A', 'B', 'A', 'R', 'A', 'B', 'A', 'A', 'A', 'B', 'R', 'R', 'R', 'B', 'A', 'R', 'R', 'A', 'R', 'B', 'A', 'A', 'A', 'A', 'B', 'R', 'A', 'A', 'A', 'B', 'A', 'B', 'B', 'A', 'A', 'A', 'A', 'R', 'A']","[3.476, 3.133, 4.022, 4.161, 5.08, 3.264, 1.784, 3.563, 2.49, 3.75, 3.821, 3.337, 3.249, 3.586, 3.766, 2.861, 3.254, 2.999, 4.32, 3.395, 2.597, 3.754, 4.232, 2.666, 4.027, 3.379, 2.972, 3.789, 3.456, 2.895, 3.445, 3.431, 3.006, 3.222, 4.435, 5.217, 3.663, 3.839, 2.844, 4.665, 3.968, 3.652, 4.322, 3.191, 4.519, 3.175, 4.595, 4.856, 3.51, 3.152]","[0, 1, 0, 1, 0, 1, 1, 0, 0, 0, 0, 0, 1, 0, 0, 0, 1, 0, 0, 0, 1, 0, 0, 0, 1, 0, 0, 0, 0, 0, 1, 0, 0, 0, 0, 1, 0, 0, 0, 0, 1, 0, 1, 1, 0, 0, 0, 0, 0, 0]","[1, 0, 0, 0, 0, 0, 0, 1, 1, 1, 1, 0, 0, 0, 1, 0, 0, 0, 0, 0, 0, 1, 1, 1, 0, 0, 1, 1, 0, 1, 0, 0, 0, 0, 0, 0, 1, 0, 0, 0, 0, 0, 0, 0, 0, 0, 0, 0, 1, 0]","[0, 0, 1, 1, 1, 1, 0, 0, 0, 0, 0, 1, 1, 1, 0, 0, 1, 1, 0, 0, 1, 0, 0, 0, 0, 1, 0, 0, 0, 0, 1, 1, 0, 0, 0, 1, 0, 1, 0, 0, 1, 1, 1, 0, 1, 0, 0, 0, 0, 0]","[0.0, 0.5, 0.3333333333333333, 0.5, 0.4, 0.5, 0.5714285714285714, 0.5, 0.4444444444444444, 0.4, 0.36363636363636365, 0.3333333333333333, 0.38461538461538464, 0.35714285714285715, 0.3333333333333333, 0.3125, 0.35294117647058826, 0.3333333333333333, 0.3157894736842105, 0.3, 0.3333333333333333, 0.3181818181818182, 0.30434782608695654, 0.2916666666666667, 0.32, 0.3076923076923077, 0.2962962962962963, 0.2857142857142857, 0.27586206896551724, 0.26666666666666666, 0.2903225806451613, 0.28125, 0.2727272727272727, 0.2647058823529412, 0.2571428571428571, 0.2777777777777778, 0.2702702702702703, 0.2631578947368421, 0.2564102564102564, 0.25, 0.2682926829268293, 0.2619047619047619, 0.27906976744186046, 0.29545454545454547, 0.28888888888888886, 0.2826086956521739, 0.2765957446808511, 0.2708333333333333, 0.2653061224489796, 0.26]","[1.0, 0.5, 0.3333333333333333, 0.25, 0.2, 0.16666666666666666, 0.14285714285714285, 0.25, 0.3333333333333333, 0.4, 0.45454545454545453, 0.4166666666666667, 0.38461538461538464, 0.35714285714285715, 0.4, 0.375, 0.35294117647058826, 0.3333333333333333, 0.3157894736842105, 0.3, 0.2857142857142857, 0.3181818181818182, 0.34782608695652173, 0.375, 0.36, 0.34615384615384615, 0.37037037037037035, 0.39285714285714285, 0.3793103448275862, 0.4, 0.3870967741935484, 0.375, 0.36363636363636365, 0.35294117647058826, 0.34285714285714286, 0.3333333333333333, 0.35135135135135137, 0.34210526315789475, 0.3333333333333333, 0.325, 0.3170731707317073, 0.30952380952380953, 0.3023255813953488, 0.29545454545454547, 0.28888888888888886, 0.2826086956521739, 0.2765957446808511, 0.2708333333333333, 0.2857142857142857, 0.28]","[0.0, 0.0, 0.3333333333333333, 0.5, 0.6, 0.6666666666666666, 0.5714285714285714, 0.5, 0.4444444444444444, 0.4, 0.36363636363636365, 0.4166666666666667, 0.46153846153846156, 0.5, 0.4666666666666667, 0.4375, 0.47058823529411764, 0.5, 0.47368421052631576, 0.45, 0.47619047619047616, 0.45454545454545453, 0.43478260869565216, 0.4166666666666667, 0.4, 0.4230769230769231, 0.4074074074074074, 0.39285714285714285, 0.3793103448275862, 0.36666666666666664, 0.3870967741935484, 0.40625, 0.3939393939393939, 0.38235294117647056, 0.37142857142857144, 0.3888888888888889, 0.3783783783783784, 0.39473684210526316, 0.38461538461538464, 0.375, 0.3902439024390244, 0.40476190476190477, 0.4186046511627907, 0.4090909090909091, 0.4222222222222222, 0.41304347826086957, 0.40425531914893614, 0.3958333333333333, 0.3877551020408163, 0.38]"
tDCS_0_load_1,F 21,Female,"['A', 'R', 'A', 'B', 'R', 'A', 'B', 'A', 'B', 'R', 'A', 'R', 'A', 'B', 'R', 'A', 'B', 'A', 'A', 'A', 'A', 'A', 'B', 'B', 'A', 'R', 'B', 'R', 'A', 'A', 'A', 'A', 'R', 'A', 'B', 'A', 'A', 'A', 'B', 'B', 'A', 'B', 'R', 'B', 'R', 'R', 'B', 'R', 'A', 'A']","[3.061, 5.222, 4.559, 3.807, 5.19, 3.381, 3.737, 3.463, 4.342, 3.041, 3.942, 3.805, 3.349, 3.633, 3.285, 2.386, 4.247, 3.087, 3.262, 3.503, 2.881, 3.876, 3.256, 3.72, 3.118, 4.132, 4.518, 4.524, 3.951, 3.693, 4.835, 3.819, 4.729, 3.786, 3.574, 2.885, 4.228, 3.52, 4.252, 3.638, 3.246, 4.114, 4.392, 3.18, 2.961, 2.011, 2.845, 3.731, 3.301, 3.686]","[0, 0, 0, 1, 0, 0, 1, 0, 1, 0, 0, 0, 0, 1, 0, 0, 1, 0, 0, 0, 0, 0, 1, 1, 0, 0, 1, 0, 0, 0, 0, 0, 0, 0, 1, 0, 0, 0, 1, 1, 0, 1, 0, 1, 0, 0, 1, 0, 0, 0]","[0, 1, 0, 0, 1, 0, 0, 0, 0, 1, 0, 1, 0, 0, 1, 0, 0, 0, 0, 0, 0, 0, 0, 0, 0, 1, 0, 1, 0, 0, 0, 0, 1, 0, 0, 0, 0, 0, 0, 0, 0, 0, 1, 0, 1, 1, 0, 1, 0, 0]","[0, 0, 0, 1, 0, 1, 1, 1, 1, 0, 1, 0, 0, 1, 0, 1, 1, 1, 0, 0, 0, 0, 1, 0, 1, 0, 1, 0, 1, 0, 0, 0, 0, 0, 1, 1, 0, 0, 1, 0, 1, 1, 0, 0, 0, 0, 0, 0, 1, 0]","[0.0, 0.0, 0.0, 0.25, 0.2, 0.16666666666666666, 0.2857142857142857, 0.25, 0.3333333333333333, 0.3, 0.2727272727272727, 0.25, 0.23076923076923078, 0.2857142857142857, 0.26666666666666666, 0.25, 0.29411764705882354, 0.2777777777777778, 0.2631578947368421, 0.25, 0.23809523809523808, 0.22727272727272727, 0.2608695652173913, 0.2916666666666667, 0.28, 0.2692307692307692, 0.2962962962962963, 0.2857142857142857, 0.27586206896551724, 0.26666666666666666, 0.25806451612903225, 0.25, 0.24242424242424243, 0.23529411764705882, 0.2571428571428571, 0.25, 0.24324324324324326, 0.23684210526315788, 0.2564102564102564, 0.275, 0.2682926829268293, 0.2857142857142857, 0.27906976744186046, 0.29545454545454547, 0.28888888888888886, 0.2826086956521739, 0.2978723404255319, 0.2916666666666667, 0.2857142857142857, 0.28]","[0.0, 0.5, 0.3333333333333333, 0.25, 0.4, 0.3333333333333333, 0.2857142857142857, 0.25, 0.2222222222222222, 0.3, 0.2727272727272727, 0.3333333333333333, 0.3076923076923077, 0.2857142857142857, 0.3333333333333333, 0.3125, 0.29411764705882354, 0.2777777777777778, 0.2631578947368421, 0.25, 0.23809523809523808, 0.22727272727272727, 0.21739130434782608, 0.20833333333333334, 0.2, 0.23076923076923078, 0.2222222222222222, 0.25, 0.2413793103448276, 0.23333333333333334, 0.22580645161290322, 0.21875, 0.24242424242424243, 0.23529411764705882, 0.22857142857142856, 0.2222222222222222, 0.21621621621621623, 0.21052631578947367, 0.20512820512820512, 0.2, 0.1951219512195122, 0.19047619047619047, 0.20930232558139536, 0.20454545454545456, 0.2222222222222222, 0.2391304347826087, 0.23404255319148937, 0.25, 0.24489795918367346, 0.24]","[0.0, 0.0, 0.0, 0.25, 0.2, 0.3333333333333333, 0.42857142857142855, 0.5, 0.5555555555555556, 0.5, 0.5454545454545454, 0.5, 0.46153846153846156, 0.5, 0.4666666666666667, 0.5, 0.5294117647058824, 0.5555555555555556, 0.5263157894736842, 0.5, 0.47619047619047616, 0.45454545454545453, 0.4782608695652174, 0.4583333333333333, 0.48, 0.46153846153846156, 0.48148148148148145, 0.4642857142857143, 0.4827586206896552, 0.4666666666666667, 0.45161290322580644, 0.4375, 0.42424242424242425, 0.4117647058823529, 0.42857142857142855, 0.4444444444444444, 0.43243243243243246, 0.42105263157894735, 0.4358974358974359, 0.425, 0.43902439024390244, 0.4523809523809524, 0.4418604651162791, 0.4318181818181818, 0.4222222222222222, 0.41304347826086957, 0.40425531914893614, 0.3958333333333333, 0.40816326530612246, 0.4]"
tDCS_0_load_1,F16,Female,"['B', 'R', 'B', 'A', 'R', 'B', 'A', 'B', 'A', 'A', 'B', 'A', 'R', 'A', 'A', 'B', 'R', 'R', 'R', 'R', 'B', 'A', 'A', 'R', 'R', 'R', 'B', 'A', 'B', 'R', 'A', 'B', 'R', 'R', 'A', 'B', 'B', 'B', 'R', 'A', 'B', 'A', 'R', 'R', 'A', 'A', 'R', 'R', 'A', 'A']","[3.293, 1.71, 2.992, 3.97, 3.402, 3.649, 4.343, 3.479, 3.188, 2.862, 3.956, 3.086, 3.747, 4.225, 4.371, 2.326, 3.653, 3.463, 2.893, 2.896, 3.73, 3.238, 2.621, 3.477, 5.129, 4.125, 4.012, 3.543, 3.651, 3.248, 3.919, 4.449, 3.495, 1.017, 4.163, 4.029, 3.965, 4.109, 4.896, 3.169, 2.872, 3.004, 4.834, 3.301, 2.583, 3.487, 4.674, 4.188, 3.897, 2.895]","[1, 0, 1, 0, 0, 1, 0, 1, 0, 0, 1, 0, 0, 0, 0, 1, 0, 0, 0, 0, 1, 0, 0, 0, 0, 0, 1, 0, 1, 0, 0, 1, 0, 0, 0, 1, 1, 1, 0, 0, 1, 0, 0, 0, 0, 0, 0, 0, 0, 0]","[0, 1, 0, 0, 1, 0, 0, 0, 0, 0, 0, 0, 1, 0, 0, 0, 1, 1, 1, 1, 0, 0, 0, 1, 1, 1, 0, 0, 0, 1, 0, 0, 1, 1, 0, 0, 0, 0, 1, 0, 0, 0, 1, 1, 0, 0, 1, 1, 0, 0]","[0, 0, 0, 1, 0, 1, 1, 1, 1, 0, 1, 1, 0, 0, 0, 1, 0, 0, 0, 0, 0, 1, 0, 0, 0, 0, 1, 1, 1, 0, 1, 1, 0, 0, 1, 1, 0, 0, 0, 1, 1, 1, 0, 0, 0, 0, 0, 0, 0, 0]","[1.0, 0.5, 0.6666666666666666, 0.5, 0.4, 0.5, 0.42857142857142855, 0.5, 0.4444444444444444, 0.4, 0.45454545454545453, 0.4166666666666667, 0.38461538461538464, 0.35714285714285715, 0.3333333333333333, 0.375, 0.35294117647058826, 0.3333333333333333, 0.3157894736842105, 0.3, 0.3333333333333333, 0.3181818181818182, 0.30434782608695654, 0.2916666666666667, 0.28, 0.2692307692307692, 0.2962962962962963, 0.2857142857142857, 0.3103448275862069, 0.3, 0.2903225806451613, 0.3125, 0.30303030303030304, 0.29411764705882354, 0.2857142857142857, 0.3055555555555556, 0.32432432432432434, 0.34210526315789475, 0.3333333333333333, 0.325, 0.34146341463414637, 0.3333333333333333, 0.32558139534883723, 0.3181818181818182, 0.3111111111111111, 0.30434782608695654, 0.2978723404255319, 0.2916666666666667, 0.2857142857142857, 0.28]","[0.0, 0.5, 0.3333333333333333, 0.25, 0.4, 0.3333333333333333, 0.2857142857142857, 0.25, 0.2222222222222222, 0.2, 0.18181818181818182, 0.16666666666666666, 0.23076923076923078, 0.21428571428571427, 0.2, 0.1875, 0.23529411764705882, 0.2777777777777778, 0.3157894736842105, 0.35, 0.3333333333333333, 0.3181818181818182, 0.30434782608695654, 0.3333333333333333, 0.36, 0.38461538461538464, 0.37037037037037035, 0.35714285714285715, 0.3448275862068966, 0.36666666666666664, 0.3548387096774194, 0.34375, 0.36363636363636365, 0.38235294117647056, 0.37142857142857144, 0.3611111111111111, 0.35135135135135137, 0.34210526315789475, 0.358974358974359, 0.35, 0.34146341463414637, 0.3333333333333333, 0.3488372093023256, 0.36363636363636365, 0.35555555555555557, 0.34782608695652173, 0.3617021276595745, 0.375, 0.3673469387755102, 0.36]","[0.0, 0.0, 0.0, 0.25, 0.2, 0.3333333333333333, 0.42857142857142855, 0.5, 0.5555555555555556, 0.5, 0.5454545454545454, 0.5833333333333334, 0.5384615384615384, 0.5, 0.4666666666666667, 0.5, 0.47058823529411764, 0.4444444444444444, 0.42105263157894735, 0.4, 0.38095238095238093, 0.4090909090909091, 0.391304347826087, 0.375, 0.36, 0.34615384615384615, 0.37037037037037035, 0.39285714285714285, 0.41379310344827586, 0.4, 0.41935483870967744, 0.4375, 0.42424242424242425, 0.4117647058823529, 0.42857142857142855, 0.4444444444444444, 0.43243243243243246, 0.42105263157894735, 0.41025641025641024, 0.425, 0.43902439024390244, 0.4523809523809524, 0.4418604651162791, 0.4318181818181818, 0.4222222222222222, 0.41304347826086957, 0.40425531914893614, 0.3958333333333333, 0.3877551020408163, 0.38]"
tDCS_0_load_1,M17,Male,"['A', 'R', 'B', 'A', 'R', 'A', 'B', 'A', 'B', 'A', 'A', 'B', 'A', 'B', 'A', 'A', 'A', 'A', 'B', 'A', 'B', 'B', 'A', 'A', 'B', 'A', 'A', 'B', 'A', 'A', 'B', 'A', 'A', 'A', 'A', 'A', 'R', 'R', 'A', 'A', 'A', 'A', 'B', 'A', 'B', 'A', 'A', 'A', 'A', 'A']","[4.054, 3.811, 3.665, 2.886, 3.913, 4.648, 2.374, 3.495, 2.342, 4.284, 4.987, 4.699, 3.931, 2.278, 5.357, 3.5, 4.777, 4.137, 3.557, 4.105, 2.738, 3.25, 3.09, 2.594, 4.3, 3.755, 2.408, 2.921, 4.28, 4.308, 4.459, 3.491, 3.036, 3.7, 3.482, 2.877, 4.246, 3.286, 4.188, 3.132, 3.178, 4.27, 3.113, 2.942, 4.095, 4.117, 4.118, 3.585, 2.709, 4.156]","[0, 0, 1, 0, 0, 0, 1, 0, 1, 0, 0, 1, 0, 1, 0, 0, 0, 0, 1, 0, 1, 1, 0, 0, 1, 0, 0, 1, 0, 0, 1, 0, 0, 0, 0, 0, 0, 0, 0, 0, 0, 0, 1, 0, 1, 0, 0, 0, 0, 0]","[0, 1, 0, 0, 1, 0, 0, 0, 0, 0, 0, 0, 0, 0, 0, 0, 0, 0, 0, 0, 0, 0, 0, 0, 0, 0, 0, 0, 0, 0, 0, 0, 0, 0, 0, 0, 1, 1, 0, 0, 0, 0, 0, 0, 0, 0, 0, 0, 0, 0]","[0, 0, 1, 1, 0, 0, 1, 1, 1, 1, 0, 1, 1, 1, 1, 0, 0, 0, 1, 1, 1, 0, 1, 0, 1, 1, 0, 1, 1, 0, 1, 1, 0, 0, 0, 0, 0, 0, 0, 0, 0, 0, 1, 1, 1, 1, 0, 0, 0, 0]","[0.0, 0.0, 0.3333333333333333, 0.25, 0.2, 0.16666666666666666, 0.2857142857142857, 0.25, 0.3333333333333333, 0.3, 0.2727272727272727, 0.3333333333333333, 0.3076923076923077, 0.35714285714285715, 0.3333333333333333, 0.3125, 0.29411764705882354, 0.2777777777777778, 0.3157894736842105, 0.3, 0.3333333333333333, 0.36363636363636365, 0.34782608695652173, 0.3333333333333333, 0.36, 0.34615384615384615, 0.3333333333333333, 0.35714285714285715, 0.3448275862068966, 0.3333333333333333, 0.3548387096774194, 0.34375, 0.3333333333333333, 0.3235294117647059, 0.3142857142857143, 0.3055555555555556, 0.2972972972972973, 0.2894736842105263, 0.28205128205128205, 0.275, 0.2682926829268293, 0.2619047619047619, 0.27906976744186046, 0.2727272727272727, 0.28888888888888886, 0.2826086956521739, 0.2765957446808511, 0.2708333333333333, 0.2653061224489796, 0.26]","[0.0, 0.5, 0.3333333333333333, 0.25, 0.4, 0.3333333333333333, 0.2857142857142857, 0.25, 0.2222222222222222, 0.2, 0.18181818181818182, 0.16666666666666666, 0.15384615384615385, 0.14285714285714285, 0.13333333333333333, 0.125, 0.11764705882352941, 0.1111111111111111, 0.10526315789473684, 0.1, 0.09523809523809523, 0.09090909090909091, 0.08695652173913043, 0.08333333333333333, 0.08, 0.07692307692307693, 0.07407407407407407, 0.07142857142857142, 0.06896551724137931, 0.06666666666666667, 0.06451612903225806, 0.0625, 0.06060606060606061, 0.058823529411764705, 0.05714285714285714, 0.05555555555555555, 0.08108108108108109, 0.10526315789473684, 0.10256410256410256, 0.1, 0.0975609756097561, 0.09523809523809523, 0.09302325581395349, 0.09090909090909091, 0.08888888888888889, 0.08695652173913043, 0.0851063829787234, 0.08333333333333333, 0.08163265306122448, 0.08]","[0.0, 0.0, 0.3333333333333333, 0.5, 0.4, 0.3333333333333333, 0.42857142857142855, 0.5, 0.5555555555555556, 0.6, 0.5454545454545454, 0.5833333333333334, 0.6153846153846154, 0.6428571428571429, 0.6666666666666666, 0.625, 0.5882352941176471, 0.5555555555555556, 0.5789473684210527, 0.6, 0.6190476190476191, 0.5909090909090909, 0.6086956521739131, 0.5833333333333334, 0.6, 0.6153846153846154, 0.5925925925925926, 0.6071428571428571, 0.6206896551724138, 0.6, 0.6129032258064516, 0.625, 0.6060606060606061, 0.5882352941176471, 0.5714285714285714, 0.5555555555555556, 0.5405405405405406, 0.5263157894736842, 0.5128205128205128, 0.5, 0.4878048780487805, 0.47619047619047616, 0.4883720930232558, 0.5, 0.5111111111111111, 0.5217391304347826, 0.5106382978723404, 0.5, 0.4897959183673469, 0.48]"
tDCS_0_load_1,M1,Male,"['A', 'B', 'A', 'R', 'A', 'R', 'A', 'B', 'A', 'B', 'R', 'A', 'A', 'B', 'A', 'B', 'B', 'A', 'B', 'B', 'B', 'B', 'B', 'R', 'A', 'A', 'B', 'A', 'A', 'B', 'A', 'A', 'B', 'R', 'A', 'A', 'R', 'A', 'A', 'R', 'A', 'A', 'A', 'A', 'R', 'R', 'A', 'R', 'B', 'B']","[4.415, 3.491, 3.0, 3.226, 3.81, 3.45, 3.96, 2.435, 4.399, 3.689, 3.381, 3.324, 4.828, 3.671, 3.354, 4.621, 5.03, 5.25, 3.996, 4.428, 4.619, 4.084, 3.617, 2.205, 4.572, 3.202, 3.981, 4.688, 4.773, 3.564, 3.586, 5.516, 3.78, 4.154, 4.099, 1.884, 3.219, 3.665, 4.564, 4.593, 4.893, 4.712, 4.206, 3.958, 4.373, 4.174, 3.402, 4.749, 3.61, 3.05]","[0, 1, 0, 0, 0, 0, 0, 1, 0, 1, 0, 0, 0, 1, 0, 1, 1, 0, 1, 1, 1, 1, 1, 0, 0, 0, 1, 0, 0, 1, 0, 0, 1, 0, 0, 0, 0, 0, 0, 0, 0, 0, 0, 0, 0, 0, 0, 0, 1, 1]","[0, 0, 0, 1, 0, 1, 0, 0, 0, 0, 1, 0, 0, 0, 0, 0, 0, 0, 0, 0, 0, 0, 0, 1, 0, 0, 0, 0, 0, 0, 0, 0, 0, 1, 0, 0, 1, 0, 0, 1, 0, 0, 0, 0, 1, 1, 0, 1, 0, 0]","[0, 1, 1, 0, 0, 0, 0, 1, 1, 1, 0, 1, 0, 1, 1, 1, 0, 1, 1, 0, 0, 0, 0, 0, 1, 0, 1, 1, 0, 1, 1, 0, 1, 0, 1, 0, 0, 0, 0, 0, 0, 0, 0, 0, 0, 0, 0, 0, 1, 0]","[0.0, 0.5, 0.3333333333333333, 0.25, 0.2, 0.16666666666666666, 0.14285714285714285, 0.25, 0.2222222222222222, 0.3, 0.2727272727272727, 0.25, 0.23076923076923078, 0.2857142857142857, 0.26666666666666666, 0.3125, 0.35294117647058826, 0.3333333333333333, 0.3684210526315789, 0.4, 0.42857142857142855, 0.45454545454545453, 0.4782608695652174, 0.4583333333333333, 0.44, 0.4230769230769231, 0.4444444444444444, 0.42857142857142855, 0.41379310344827586, 0.43333333333333335, 0.41935483870967744, 0.40625, 0.42424242424242425, 0.4117647058823529, 0.4, 0.3888888888888889, 0.3783783783783784, 0.3684210526315789, 0.358974358974359, 0.35, 0.34146341463414637, 0.3333333333333333, 0.32558139534883723, 0.3181818181818182, 0.3111111111111111, 0.30434782608695654, 0.2978723404255319, 0.2916666666666667, 0.30612244897959184, 0.32]","[0.0, 0.0, 0.0, 0.25, 0.2, 0.3333333333333333, 0.2857142857142857, 0.25, 0.2222222222222222, 0.2, 0.2727272727272727, 0.25, 0.23076923076923078, 0.21428571428571427, 0.2, 0.1875, 0.17647058823529413, 0.16666666666666666, 0.15789473684210525, 0.15, 0.14285714285714285, 0.13636363636363635, 0.13043478260869565, 0.16666666666666666, 0.16, 0.15384615384615385, 0.14814814814814814, 0.14285714285714285, 0.13793103448275862, 0.13333333333333333, 0.12903225806451613, 0.125, 0.12121212121212122, 0.14705882352941177, 0.14285714285714285, 0.1388888888888889, 0.16216216216216217, 0.15789473684210525, 0.15384615384615385, 0.175, 0.17073170731707318, 0.16666666666666666, 0.16279069767441862, 0.1590909090909091, 0.17777777777777778, 0.1956521739130435, 0.19148936170212766, 0.20833333333333334, 0.20408163265306123, 0.2]","[0.0, 0.5, 0.6666666666666666, 0.5, 0.4, 0.3333333333333333, 0.2857142857142857, 0.375, 0.4444444444444444, 0.5, 0.45454545454545453, 0.5, 0.46153846153846156, 0.5, 0.5333333333333333, 0.5625, 0.5294117647058824, 0.5555555555555556, 0.5789473684210527, 0.55, 0.5238095238095238, 0.5, 0.4782608695652174, 0.4583333333333333, 0.48, 0.46153846153846156, 0.48148148148148145, 0.5, 0.4827586206896552, 0.5, 0.5161290322580645, 0.5, 0.5151515151515151, 0.5, 0.5142857142857142, 0.5, 0.4864864864864865, 0.47368421052631576, 0.46153846153846156, 0.45, 0.43902439024390244, 0.42857142857142855, 0.4186046511627907, 0.4090909090909091, 0.4, 0.391304347826087, 0.3829787234042553, 0.375, 0.3877551020408163, 0.38]"
tDCS_0_load_1,M27,Male,"['B', 'R', 'A', 'B', 'A', 'R', 'A', 'R', 'B', 'R', 'B', 'A', 'R', 'B', 'R', 'B', 'R', 'A', 'B', 'R', 'B', 'A', 'A', 'R', 'B', 'R', 'A', 'A', 'A', 'B', 'R', 'A', 'A', 'A', 'A', 'A', 'A', 'B', 'B', 'B', 'A', 'R', 'R', 'R', 'B', 'A', 'R', 'A', 'R', 'B', 'B']","[2.117, 3.296, 2.227, 3.596, 3.963, 3.894, 5.138, 3.679, 3.603, 3.955, 3.423, 3.711, 3.594, 2.757, 4.27, 3.838, 4.035, 2.5, 4.945, 3.765, 3.601, 3.296, 2.02, 4.98, 3.523, 3.677, 3.972, 4.301, 3.869, 3.769, 4.438, 2.659, 3.201, 3.568, 4.121, 2.756, 4.139, 2.995, 2.976, 3.589, 4.794, 3.24, 3.754, 4.103, 3.007, 3.363, 4.276, 3.526, 3.996, 3.21, 2.117]","[1, 0, 0, 1, 0, 0, 0, 0, 1, 0, 1, 0, 0, 1, 0, 1, 0, 0, 1, 0, 1, 0, 0, 0, 1, 0, 0, 0, 0, 1, 0, 0, 0, 0, 0, 0, 0, 1, 1, 1, 0, 0, 0, 0, 1, 0, 0, 0, 0, 1, 1]","[0, 1, 0, 0, 0, 1, 0, 1, 0, 1, 0, 0, 1, 0, 1, 0, 1, 0, 0, 1, 0, 0, 0, 1, 0, 1, 0, 0, 0, 0, 1, 0, 0, 0, 0, 0, 0, 0, 0, 0, 0, 1, 1, 1, 0, 0, 1, 0, 1, 0, 0]","[0, 0, 1, 1, 1, 0, 0, 0, 1, 0, 0, 1, 0, 1, 0, 0, 0, 1, 1, 0, 0, 1, 0, 0, 1, 0, 1, 0, 0, 1, 0, 1, 0, 0, 0, 0, 0, 1, 0, 0, 1, 0, 0, 0, 1, 1, 0, 0, 0, 1, 0]","[1.0, 0.5, 0.3333333333333333, 0.5, 0.4, 0.3333333333333333, 0.2857142857142857, 0.25, 0.3333333333333333, 0.3, 0.36363636363636365, 0.3333333333333333, 0.3076923076923077, 0.35714285714285715, 0.3333333333333333, 0.375, 0.35294117647058826, 0.3333333333333333, 0.3684210526315789, 0.35, 0.38095238095238093, 0.36363636363636365, 0.34782608695652173, 0.3333333333333333, 0.36, 0.34615384615384615, 0.3333333333333333, 0.32142857142857145, 0.3103448275862069, 0.3333333333333333, 0.3225806451612903, 0.3125, 0.30303030303030304, 0.29411764705882354, 0.2857142857142857, 0.2777777777777778, 0.2702702702702703, 0.2894736842105263, 0.3076923076923077, 0.325, 0.3170731707317073, 0.30952380952380953, 0.3023255813953488, 0.29545454545454547, 0.3111111111111111, 0.30434782608695654, 0.2978723404255319, 0.2916666666666667, 0.2857142857142857, 0.3, 0.3137254901960784]","[0.0, 0.5, 0.3333333333333333, 0.25, 0.2, 0.3333333333333333, 0.2857142857142857, 0.375, 0.3333333333333333, 0.4, 0.36363636363636365, 0.3333333333333333, 0.38461538461538464, 0.35714285714285715, 0.4, 0.375, 0.4117647058823529, 0.3888888888888889, 0.3684210526315789, 0.4, 0.38095238095238093, 0.36363636363636365, 0.34782608695652173, 0.375, 0.36, 0.38461538461538464, 0.37037037037037035, 0.35714285714285715, 0.3448275862068966, 0.3333333333333333, 0.3548387096774194, 0.34375, 0.3333333333333333, 0.3235294117647059, 0.3142857142857143, 0.3055555555555556, 0.2972972972972973, 0.2894736842105263, 0.28205128205128205, 0.275, 0.2682926829268293, 0.2857142857142857, 0.3023255813953488, 0.3181818181818182, 0.3111111111111111, 0.30434782608695654, 0.3191489361702128, 0.3125, 0.32653061224489793, 0.32, 0.3137254901960784]","[0.0, 0.0, 0.3333333333333333, 0.5, 0.6, 0.5, 0.42857142857142855, 0.375, 0.4444444444444444, 0.4, 0.36363636363636365, 0.4166666666666667, 0.38461538461538464, 0.42857142857142855, 0.4, 0.375, 0.35294117647058826, 0.3888888888888889, 0.42105263157894735, 0.4, 0.38095238095238093, 0.4090909090909091, 0.391304347826087, 0.375, 0.4, 0.38461538461538464, 0.4074074074074074, 0.39285714285714285, 0.3793103448275862, 0.4, 0.3870967741935484, 0.40625, 0.3939393939393939, 0.38235294117647056, 0.37142857142857144, 0.3611111111111111, 0.35135135135135137, 0.3684210526315789, 0.358974358974359, 0.35, 0.36585365853658536, 0.35714285714285715, 0.3488372093023256, 0.3409090909090909, 0.35555555555555557, 0.3695652173913043, 0.3617021276595745, 0.3541666666666667, 0.3469387755102041, 0.36, 0.35294117647058826]"
tDCS_0_load_1,M13,Male,"['B', 'R', 'B', 'A', 'B', 'R', 'A', 'R', 'B', 'A', 'R', 'B', 'A', 'R', 'B', 'A', 'B', 'A', 'R', 'A', 'B', 'A', 'B', 'A', 'B', 'A', 'B', 'B', 'A', 'A', 'A', 'B', 'R', 'B', 'R', 'B', 'B', 'B', 'A', 'B', 'R', 'A', 'B', 'A', 'B', 'A', 'B', 'B', 'A', 'A']","[4.02, 3.463, 2.682, 2.851, 3.23, 4.52, 4.887, 4.836, 4.775, 3.138, 3.231, 3.92, 4.272, 2.884, 3.746, 2.993, 3.648, 4.181, 3.058, 4.423, 3.169, 3.145, 3.1, 3.769, 3.008, 3.118, 4.117, 2.719, 3.917, 3.822, 2.254, 4.587, 3.708, 3.719, 3.353, 2.255, 3.216, 3.693, 3.987, 3.073, 3.519, 2.735, 4.878, 4.097, 4.136, 3.126, 5.045, 3.487, 3.916, 2.31]","[1, 0, 1, 0, 1, 0, 0, 0, 1, 0, 0, 1, 0, 0, 1, 0, 1, 0, 0, 0, 1, 0, 1, 0, 1, 0, 1, 1, 0, 0, 0, 1, 0, 1, 0, 1, 1, 1, 0, 1, 0, 0, 1, 0, 1, 0, 1, 1, 0, 0]","[0, 1, 0, 0, 0, 1, 0, 1, 0, 0, 1, 0, 0, 1, 0, 0, 0, 0, 1, 0, 0, 0, 0, 0, 0, 0, 0, 0, 0, 0, 0, 0, 1, 0, 1, 0, 0, 0, 0, 0, 1, 0, 0, 0, 0, 0, 0, 0, 0, 0]","[0, 0, 0, 1, 1, 0, 1, 0, 1, 1, 0, 1, 1, 0, 1, 1, 1, 1, 0, 0, 1, 1, 1, 1, 1, 1, 1, 0, 1, 0, 0, 1, 0, 0, 0, 0, 0, 0, 1, 1, 0, 1, 1, 1, 1, 1, 1, 0, 1, 0]","[1.0, 0.5, 0.6666666666666666, 0.5, 0.6, 0.5, 0.42857142857142855, 0.375, 0.4444444444444444, 0.4, 0.36363636363636365, 0.4166666666666667, 0.38461538461538464, 0.35714285714285715, 0.4, 0.375, 0.4117647058823529, 0.3888888888888889, 0.3684210526315789, 0.35, 0.38095238095238093, 0.36363636363636365, 0.391304347826087, 0.375, 0.4, 0.38461538461538464, 0.4074074074074074, 0.42857142857142855, 0.41379310344827586, 0.4, 0.3870967741935484, 0.40625, 0.3939393939393939, 0.4117647058823529, 0.4, 0.4166666666666667, 0.43243243243243246, 0.4473684210526316, 0.4358974358974359, 0.45, 0.43902439024390244, 0.42857142857142855, 0.4418604651162791, 0.4318181818181818, 0.4444444444444444, 0.43478260869565216, 0.44680851063829785, 0.4583333333333333, 0.4489795918367347, 0.44]","[0.0, 0.5, 0.3333333333333333, 0.25, 0.2, 0.3333333333333333, 0.2857142857142857, 0.375, 0.3333333333333333, 0.3, 0.36363636363636365, 0.3333333333333333, 0.3076923076923077, 0.35714285714285715, 0.3333333333333333, 0.3125, 0.29411764705882354, 0.2777777777777778, 0.3157894736842105, 0.3, 0.2857142857142857, 0.2727272727272727, 0.2608695652173913, 0.25, 0.24, 0.23076923076923078, 0.2222222222222222, 0.21428571428571427, 0.20689655172413793, 0.2, 0.1935483870967742, 0.1875, 0.21212121212121213, 0.20588235294117646, 0.22857142857142856, 0.2222222222222222, 0.21621621621621623, 0.21052631578947367, 0.20512820512820512, 0.2, 0.21951219512195122, 0.21428571428571427, 0.20930232558139536, 0.20454545454545456, 0.2, 0.1956521739130435, 0.19148936170212766, 0.1875, 0.1836734693877551, 0.18]","[0.0, 0.0, 0.0, 0.25, 0.4, 0.3333333333333333, 0.42857142857142855, 0.375, 0.4444444444444444, 0.5, 0.45454545454545453, 0.5, 0.5384615384615384, 0.5, 0.5333333333333333, 0.5625, 0.5882352941176471, 0.6111111111111112, 0.5789473684210527, 0.55, 0.5714285714285714, 0.5909090909090909, 0.6086956521739131, 0.625, 0.64, 0.6538461538461539, 0.6666666666666666, 0.6428571428571429, 0.6551724137931034, 0.6333333333333333, 0.6129032258064516, 0.625, 0.6060606060606061, 0.5882352941176471, 0.5714285714285714, 0.5555555555555556, 0.5405405405405406, 0.5263157894736842, 0.5384615384615384, 0.55, 0.5365853658536586, 0.5476190476190477, 0.5581395348837209, 0.5681818181818182, 0.5777777777777777, 0.5869565217391305, 0.5957446808510638, 0.5833333333333334, 0.5918367346938775, 0.58]"
tDCS_0_load_1,M13,Male,"['A', 'B', 'A', 'B', 'R', 'A', 'B', 'A', 'B', 'A', 'A', 'R', 'A', 'A', 'A', 'A', 'B', 'A', 'B', 'B', 'A', 'B', 'A', 'A', 'B', 'A', 'A', 'A', 'A', 'A', 'B', 'A', 'R', 'A', 'A', 'A', 'R', 'A', 'B', 'B', 'A', 'A', 'A', 'A', 'A', 'B', 'A', 'A', 'A', 'B']","[3.374, 2.409, 4.046, 4.784, 2.395, 3.587, 3.966, 2.961, 3.348, 3.576, 4.21, 4.545, 4.719, 3.533, 3.569, 4.111, 3.765, 3.946, 3.799, 4.801, 4.11, 3.993, 2.845, 4.222, 4.061, 3.3, 3.542, 3.605, 3.584, 4.519, 3.221, 2.798, 3.336, 3.959, 4.216, 4.382, 3.236, 3.494, 3.848, 3.584, 3.68, 2.306, 4.198, 3.467, 5.58, 4.278, 3.544, 2.774, 3.645, 3.849]","[0, 1, 0, 1, 0, 0, 1, 0, 1, 0, 0, 0, 0, 0, 0, 0, 1, 0, 1, 1, 0, 1, 0, 0, 1, 0, 0, 0, 0, 0, 1, 0, 0, 0, 0, 0, 0, 0, 1, 1, 0, 0, 0, 0, 0, 1, 0, 0, 0, 1]","[0, 0, 0, 0, 1, 0, 0, 0, 0, 0, 0, 1, 0, 0, 0, 0, 0, 0, 0, 0, 0, 0, 0, 0, 0, 0, 0, 0, 0, 0, 0, 0, 1, 0, 0, 0, 1, 0, 0, 0, 0, 0, 0, 0, 0, 0, 0, 0, 0, 0]","[0, 1, 1, 1, 0, 1, 1, 1, 1, 1, 0, 0, 0, 0, 0, 0, 1, 1, 1, 0, 1, 1, 1, 0, 1, 1, 0, 0, 0, 0, 1, 1, 0, 0, 0, 0, 0, 0, 1, 0, 1, 0, 0, 0, 0, 1, 1, 0, 0, 1]","[0.0, 0.5, 0.3333333333333333, 0.5, 0.4, 0.3333333333333333, 0.42857142857142855, 0.375, 0.4444444444444444, 0.4, 0.36363636363636365, 0.3333333333333333, 0.3076923076923077, 0.2857142857142857, 0.26666666666666666, 0.25, 0.29411764705882354, 0.2777777777777778, 0.3157894736842105, 0.35, 0.3333333333333333, 0.36363636363636365, 0.34782608695652173, 0.3333333333333333, 0.36, 0.34615384615384615, 0.3333333333333333, 0.32142857142857145, 0.3103448275862069, 0.3, 0.3225806451612903, 0.3125, 0.30303030303030304, 0.29411764705882354, 0.2857142857142857, 0.2777777777777778, 0.2702702702702703, 0.2631578947368421, 0.28205128205128205, 0.3, 0.2926829268292683, 0.2857142857142857, 0.27906976744186046, 0.2727272727272727, 0.26666666666666666, 0.2826086956521739, 0.2765957446808511, 0.2708333333333333, 0.2653061224489796, 0.28]","[0.0, 0.0, 0.0, 0.0, 0.2, 0.16666666666666666, 0.14285714285714285, 0.125, 0.1111111111111111, 0.1, 0.09090909090909091, 0.16666666666666666, 0.15384615384615385, 0.14285714285714285, 0.13333333333333333, 0.125, 0.11764705882352941, 0.1111111111111111, 0.10526315789473684, 0.1, 0.09523809523809523, 0.09090909090909091, 0.08695652173913043, 0.08333333333333333, 0.08, 0.07692307692307693, 0.07407407407407407, 0.07142857142857142, 0.06896551724137931, 0.06666666666666667, 0.06451612903225806, 0.0625, 0.09090909090909091, 0.08823529411764706, 0.08571428571428572, 0.08333333333333333, 0.10810810810810811, 0.10526315789473684, 0.10256410256410256, 0.1, 0.0975609756097561, 0.09523809523809523, 0.09302325581395349, 0.09090909090909091, 0.08888888888888889, 0.08695652173913043, 0.0851063829787234, 0.08333333333333333, 0.08163265306122448, 0.08]","[0.0, 0.5, 0.6666666666666666, 0.75, 0.6, 0.6666666666666666, 0.7142857142857143, 0.75, 0.7777777777777778, 0.8, 0.7272727272727273, 0.6666666666666666, 0.6153846153846154, 0.5714285714285714, 0.5333333333333333, 0.5, 0.5294117647058824, 0.5555555555555556, 0.5789473684210527, 0.55, 0.5714285714285714, 0.5909090909090909, 0.6086956521739131, 0.5833333333333334, 0.6, 0.6153846153846154, 0.5925925925925926, 0.5714285714285714, 0.5517241379310345, 0.5333333333333333, 0.5483870967741935, 0.5625, 0.5454545454545454, 0.5294117647058824, 0.5142857142857142, 0.5, 0.4864864864864865, 0.47368421052631576, 0.48717948717948717, 0.475, 0.4878048780487805, 0.47619047619047616, 0.46511627906976744, 0.45454545454545453, 0.4444444444444444, 0.45652173913043476, 0.46808510638297873, 0.4583333333333333, 0.4489795918367347, 0.46]"
tDCS_0_load_1,SM 27,Male,"['A', 'R', 'A', 'B', 'R', 'A', 'B', 'A', 'B', 'A', 'B', 'R', 'A', 'A', 'B', 'A', 'B', 'A', 'A', 'B', 'A', 'R', 'B', 'A', 'A', 'R', 'B', 'B', 'A', 'A', 'A', 'B', 'B', 'A', 'A', 'B', 'A', 'B', 'B', 'A', 'R', 'A', 'R', 'A', 'A', 'B', 'A', 'A', 'R', 'A', 'A', 'R', 'A', 'B', 'R']","[2.39, 3.033, 3.763, 4.032, 4.033, 3.864, 3.785, 4.847, 4.814, 3.976, 2.836, 3.186, 2.75, 3.627, 3.378, 3.512, 4.352, 4.033, 3.302, 3.665, 3.84, 3.822, 4.175, 4.075, 3.167, 4.116, 3.338, 3.044, 4.605, 2.963, 4.512, 4.031, 3.871, 2.473, 4.879, 3.175, 4.496, 4.348, 4.261, 2.169, 3.284, 2.757, 2.831, 4.138, 4.181, 3.963, 3.632, 2.766, 3.298, 3.686, 2.39, 3.033, 3.763, 4.032, 4.033]","[0, 0, 0, 1, 0, 0, 1, 0, 1, 0, 1, 0, 0, 0, 1, 0, 1, 0, 0, 1, 0, 0, 1, 0, 0, 0, 1, 1, 0, 0, 0, 1, 1, 0, 0, 1, 0, 1, 1, 0, 0, 0, 0, 0, 0, 1, 0, 0, 0, 0, 0, 0, 0, 1, 0]","[0, 1, 0, 0, 1, 0, 0, 0, 0, 0, 0, 1, 0, 0, 0, 0, 0, 0, 0, 0, 0, 1, 0, 0, 0, 1, 0, 0, 0, 0, 0, 0, 0, 0, 0, 0, 0, 0, 0, 0, 1, 0, 1, 0, 0, 0, 0, 0, 1, 0, 0, 1, 0, 0, 1]","[0, 0, 0, 1, 0, 1, 1, 1, 1, 1, 1, 0, 1, 0, 1, 1, 1, 1, 0, 1, 1, 0, 1, 1, 0, 0, 1, 0, 1, 0, 0, 1, 0, 1, 0, 1, 1, 1, 0, 1, 0, 0, 0, 0, 0, 1, 1, 0, 0, 0, 0, 0, 0, 1, 0]","[0.0, 0.0, 0.0, 0.25, 0.2, 0.16666666666666666, 0.2857142857142857, 0.25, 0.3333333333333333, 0.3, 0.36363636363636365, 0.3333333333333333, 0.3076923076923077, 0.2857142857142857, 0.3333333333333333, 0.3125, 0.35294117647058826, 0.3333333333333333, 0.3157894736842105, 0.35, 0.3333333333333333, 0.3181818181818182, 0.34782608695652173, 0.3333333333333333, 0.32, 0.3076923076923077, 0.3333333333333333, 0.35714285714285715, 0.3448275862068966, 0.3333333333333333, 0.3225806451612903, 0.34375, 0.36363636363636365, 0.35294117647058826, 0.34285714285714286, 0.3611111111111111, 0.35135135135135137, 0.3684210526315789, 0.38461538461538464, 0.375, 0.36585365853658536, 0.35714285714285715, 0.3488372093023256, 0.3409090909090909, 0.3333333333333333, 0.34782608695652173, 0.3404255319148936, 0.3333333333333333, 0.32653061224489793, 0.32, 0.3137254901960784, 0.3076923076923077, 0.3018867924528302, 0.3148148148148148, 0.3090909090909091]","[0.0, 0.5, 0.3333333333333333, 0.25, 0.4, 0.3333333333333333, 0.2857142857142857, 0.25, 0.2222222222222222, 0.2, 0.18181818181818182, 0.25, 0.23076923076923078, 0.21428571428571427, 0.2, 0.1875, 0.17647058823529413, 0.16666666666666666, 0.15789473684210525, 0.15, 0.14285714285714285, 0.18181818181818182, 0.17391304347826086, 0.16666666666666666, 0.16, 0.19230769230769232, 0.18518518518518517, 0.17857142857142858, 0.1724137931034483, 0.16666666666666666, 0.16129032258064516, 0.15625, 0.15151515151515152, 0.14705882352941177, 0.14285714285714285, 0.1388888888888889, 0.13513513513513514, 0.13157894736842105, 0.1282051282051282, 0.125, 0.14634146341463414, 0.14285714285714285, 0.16279069767441862, 0.1590909090909091, 0.15555555555555556, 0.15217391304347827, 0.14893617021276595, 0.14583333333333334, 0.16326530612244897, 0.16, 0.1568627450980392, 0.17307692307692307, 0.16981132075471697, 0.16666666666666666, 0.18181818181818182]","[0.0, 0.0, 0.0, 0.25, 0.2, 0.3333333333333333, 0.42857142857142855, 0.5, 0.5555555555555556, 0.6, 0.6363636363636364, 0.5833333333333334, 0.6153846153846154, 0.5714285714285714, 0.6, 0.625, 0.6470588235294118, 0.6666666666666666, 0.631578947368421, 0.65, 0.6666666666666666, 0.6363636363636364, 0.6521739130434783, 0.6666666666666666, 0.64, 0.6153846153846154, 0.6296296296296297, 0.6071428571428571, 0.6206896551724138, 0.6, 0.5806451612903226, 0.59375, 0.5757575757575758, 0.5882352941176471, 0.5714285714285714, 0.5833333333333334, 0.5945945945945946, 0.6052631578947368, 0.5897435897435898, 0.6, 0.5853658536585366, 0.5714285714285714, 0.5581395348837209, 0.5454545454545454, 0.5333333333333333, 0.5434782608695652, 0.5531914893617021, 0.5416666666666666, 0.5306122448979592, 0.52, 0.5098039215686274, 0.5, 0.49056603773584906, 0.5, 0.4909090909090909]"
tDCS_0_load_1,SM29,Male,"['A', 'B', 'A', 'R', 'B', 'A', 'B', 'R', 'A', 'B', 'R', 'A', 'B', 'A', 'B', 'A', 'R', 'B', 'A', 'B', 'R', 'A', 'A', 'A', 'R', 'A', 'R', 'B', 'A', 'A', 'R', 'B', 'A', 'A', 'B', 'B', 'A', 'B', 'B', 'A', 'A', 'A', 'B', 'A', 'R', 'B', 'R', 'B', 'A', 'R']","[3.381, 2.797, 3.529, 2.999, 2.886, 3.965, 3.359, 3.529, 4.454, 3.559, 4.706, 4.215, 4.364, 3.529, 4.576, 4.053, 4.376, 4.642, 4.73, 4.782, 5.068, 2.069, 3.23, 3.966, 3.039, 2.911, 2.854, 3.001, 3.977, 3.923, 2.525, 3.322, 2.674, 3.627, 2.792, 5.27, 3.498, 2.916, 3.795, 4.513, 3.027, 3.922, 3.227, 3.822, 4.239, 3.832, 2.426, 2.817, 3.314, 4.349]","[0, 1, 0, 0, 1, 0, 1, 0, 0, 1, 0, 0, 1, 0, 1, 0, 0, 1, 0, 1, 0, 0, 0, 0, 0, 0, 0, 1, 0, 0, 0, 1, 0, 0, 1, 1, 0, 1, 1, 0, 0, 0, 1, 0, 0, 1, 0, 1, 0, 0]","[0, 0, 0, 1, 0, 0, 0, 1, 0, 0, 1, 0, 0, 0, 0, 0, 1, 0, 0, 0, 1, 0, 0, 0, 1, 0, 1, 0, 0, 0, 1, 0, 0, 0, 0, 0, 0, 0, 0, 0, 0, 0, 0, 0, 1, 0, 1, 0, 0, 1]","[0, 1, 1, 0, 1, 1, 1, 0, 1, 1, 0, 1, 1, 1, 1, 1, 0, 1, 1, 1, 0, 1, 0, 0, 0, 0, 0, 1, 1, 0, 0, 1, 1, 0, 1, 0, 1, 1, 0, 1, 0, 0, 1, 1, 0, 1, 0, 0, 1, 0]","[0.0, 0.5, 0.3333333333333333, 0.25, 0.4, 0.3333333333333333, 0.42857142857142855, 0.375, 0.3333333333333333, 0.4, 0.36363636363636365, 0.3333333333333333, 0.38461538461538464, 0.35714285714285715, 0.4, 0.375, 0.35294117647058826, 0.3888888888888889, 0.3684210526315789, 0.4, 0.38095238095238093, 0.36363636363636365, 0.34782608695652173, 0.3333333333333333, 0.32, 0.3076923076923077, 0.2962962962962963, 0.32142857142857145, 0.3103448275862069, 0.3, 0.2903225806451613, 0.3125, 0.30303030303030304, 0.29411764705882354, 0.3142857142857143, 0.3333333333333333, 0.32432432432432434, 0.34210526315789475, 0.358974358974359, 0.35, 0.34146341463414637, 0.3333333333333333, 0.3488372093023256, 0.3409090909090909, 0.3333333333333333, 0.34782608695652173, 0.3404255319148936, 0.3541666666666667, 0.3469387755102041, 0.34]","[0.0, 0.0, 0.0, 0.25, 0.2, 0.16666666666666666, 0.14285714285714285, 0.25, 0.2222222222222222, 0.2, 0.2727272727272727, 0.25, 0.23076923076923078, 0.21428571428571427, 0.2, 0.1875, 0.23529411764705882, 0.2222222222222222, 0.21052631578947367, 0.2, 0.23809523809523808, 0.22727272727272727, 0.21739130434782608, 0.20833333333333334, 0.24, 0.23076923076923078, 0.25925925925925924, 0.25, 0.2413793103448276, 0.23333333333333334, 0.25806451612903225, 0.25, 0.24242424242424243, 0.23529411764705882, 0.22857142857142856, 0.2222222222222222, 0.21621621621621623, 0.21052631578947367, 0.20512820512820512, 0.2, 0.1951219512195122, 0.19047619047619047, 0.18604651162790697, 0.18181818181818182, 0.2, 0.1956521739130435, 0.2127659574468085, 0.20833333333333334, 0.20408163265306123, 0.22]","[0.0, 0.5, 0.6666666666666666, 0.5, 0.6, 0.6666666666666666, 0.7142857142857143, 0.625, 0.6666666666666666, 0.7, 0.6363636363636364, 0.6666666666666666, 0.6923076923076923, 0.7142857142857143, 0.7333333333333333, 0.75, 0.7058823529411765, 0.7222222222222222, 0.7368421052631579, 0.75, 0.7142857142857143, 0.7272727272727273, 0.6956521739130435, 0.6666666666666666, 0.64, 0.6153846153846154, 0.5925925925925926, 0.6071428571428571, 0.6206896551724138, 0.6, 0.5806451612903226, 0.59375, 0.6060606060606061, 0.5882352941176471, 0.6, 0.5833333333333334, 0.5945945945945946, 0.6052631578947368, 0.5897435897435898, 0.6, 0.5853658536585366, 0.5714285714285714, 0.5813953488372093, 0.5909090909090909, 0.5777777777777777, 0.5869565217391305, 0.574468085106383, 0.5625, 0.5714285714285714, 0.56]"
tDCS_1_load_0,27052025,male,"['B', 'B', 'B', 'B', 'B', 'B', 'B', 'B', 'R', 'R', 'R', 'R', 'R', 'R', 'A', 'A', 'A', 'B', 'B', 'B', 'B', 'B', 'B', 'B', 'R', 'R', 'R', 'R', 'R', 'R', 'B', 'B', 'B', 'B', 'B', 'B', 'B', 'B', 'R', 'R', 'R', 'R', 'B', 'B', 'B', 'B', 'B', 'B', 'B', 'B']","[2.257, 2.165, 2.006, 2.15, 1.962, 2.086, 1.95, 1.788, 2.158, 2.197, 2.062, 2.446, 2.341, 2.08, 2.302, 2.384, 1.792, 2.084, 2.038, 2.276, 1.843, 2.332, 1.772, 2.115, 2.637, 2.568, 2.01, 2.038, 2.084, 2.484, 2.102, 2.129, 1.969, 2.193, 2.21, 2.292, 2.014, 2.229, 2.2, 2.078, 2.541, 2.061, 2.317, 2.162, 2.025, 2.318, 2.103, 2.266, 2.461, 2.673]","[1, 1, 1, 1, 1, 1, 1, 1, 0, 0, 0, 0, 0, 0, 0, 0, 0, 1, 1, 1, 1, 1, 1, 1, 0, 0, 0, 0, 0, 0, 1, 1, 1, 1, 1, 1, 1, 1, 0, 0, 0, 0, 1, 1, 1, 1, 1, 1, 1, 1]","[0, 0, 0, 0, 0, 0, 0, 0, 1, 1, 1, 1, 1, 1, 0, 0, 0, 0, 0, 0, 0, 0, 0, 0, 1, 1, 1, 1, 1, 1, 0, 0, 0, 0, 0, 0, 0, 0, 1, 1, 1, 1, 0, 0, 0, 0, 0, 0, 0, 0]","[0, 0, 0, 0, 0, 0, 0, 0, 0, 0, 0, 0, 0, 0, 1, 0, 0, 1, 0, 0, 0, 0, 0, 0, 0, 0, 0, 0, 0, 0, 0, 0, 0, 0, 0, 0, 0, 0, 0, 0, 0, 0, 0, 0, 0, 0, 0, 0, 0, 0]","[1.0, 1.0, 1.0, 1.0, 1.0, 1.0, 1.0, 1.0, 0.8888888888888888, 0.8, 0.7272727272727273, 0.6666666666666666, 0.6153846153846154, 0.5714285714285714, 0.5333333333333333, 0.5, 0.47058823529411764, 0.5, 0.5263157894736842, 0.55, 0.5714285714285714, 0.5909090909090909, 0.6086956521739131, 0.625, 0.6, 0.5769230769230769, 0.5555555555555556, 0.5357142857142857, 0.5172413793103449, 0.5, 0.5161290322580645, 0.53125, 0.5454545454545454, 0.5588235294117647, 0.5714285714285714, 0.5833333333333334, 0.5945945945945946, 0.6052631578947368, 0.5897435897435898, 0.575, 0.5609756097560976, 0.5476190476190477, 0.5581395348837209, 0.5681818181818182, 0.5777777777777777, 0.5869565217391305, 0.5957446808510638, 0.6041666666666666, 0.6122448979591837, 0.62]","[0.0, 0.0, 0.0, 0.0, 0.0, 0.0, 0.0, 0.0, 0.1111111111111111, 0.2, 0.2727272727272727, 0.3333333333333333, 0.38461538461538464, 0.42857142857142855, 0.4, 0.375, 0.35294117647058826, 0.3333333333333333, 0.3157894736842105, 0.3, 0.2857142857142857, 0.2727272727272727, 0.2608695652173913, 0.25, 0.28, 0.3076923076923077, 0.3333333333333333, 0.35714285714285715, 0.3793103448275862, 0.4, 0.3870967741935484, 0.375, 0.36363636363636365, 0.35294117647058826, 0.34285714285714286, 0.3333333333333333, 0.32432432432432434, 0.3157894736842105, 0.3333333333333333, 0.35, 0.36585365853658536, 0.38095238095238093, 0.37209302325581395, 0.36363636363636365, 0.35555555555555557, 0.34782608695652173, 0.3404255319148936, 0.3333333333333333, 0.32653061224489793, 0.32]","[0.0, 0.0, 0.0, 0.0, 0.0, 0.0, 0.0, 0.0, 0.0, 0.0, 0.0, 0.0, 0.0, 0.0, 0.06666666666666667, 0.0625, 0.058823529411764705, 0.1111111111111111, 0.10526315789473684, 0.1, 0.09523809523809523, 0.09090909090909091, 0.08695652173913043, 0.08333333333333333, 0.08, 0.07692307692307693, 0.07407407407407407, 0.07142857142857142, 0.06896551724137931, 0.06666666666666667, 0.06451612903225806, 0.0625, 0.06060606060606061, 0.058823529411764705, 0.05714285714285714, 0.05555555555555555, 0.05405405405405406, 0.05263157894736842, 0.05128205128205128, 0.05, 0.04878048780487805, 0.047619047619047616, 0.046511627906976744, 0.045454545454545456, 0.044444444444444446, 0.043478260869565216, 0.0425531914893617, 0.041666666666666664, 0.04081632653061224, 0.04]"
tDCS_1_load_0,21042025,Female,"['B', 'B', 'B', 'B', 'B', 'B', 'R', 'R', 'R', 'R', 'R', 'R', 'R', 'R', 'B', 'B', 'B', 'B', 'B', 'B', 'B', 'B', 'A', 'A', 'A', 'A', 'A', 'A', 'A', 'B', 'B', 'B', 'B', 'B', 'B', 'B', 'R', 'R', 'R', 'R', 'R', 'R', 'R', 'B', 'B', 'B', 'B', 'B', 'B', 'B']","[3.107, 2.705, 2.626, 2.262, 2.788, 2.568, 2.195, 2.309, 2.572, 2.087, 2.751, 2.637, 2.818, 2.49, 2.61, 2.696, 2.363, 2.656, 2.503, 2.494, 2.341, 2.346, 2.589, 2.635, 2.579, 2.761, 2.403, 2.193, 2.277, 2.664, 2.086, 2.538, 2.168, 2.593, 2.395, 2.176, 2.302, 2.408, 2.471, 2.656, 2.76, 2.254, 2.48, 2.725, 2.382, 2.912, 2.374, 2.696, 2.324, 2.675]","[1, 1, 1, 1, 1, 1, 0, 0, 0, 0, 0, 0, 0, 0, 1, 1, 1, 1, 1, 1, 1, 1, 0, 0, 0, 0, 0, 0, 0, 1, 1, 1, 1, 1, 1, 1, 0, 0, 0, 0, 0, 0, 0, 1, 1, 1, 1, 1, 1, 1]","[0, 0, 0, 0, 0, 0, 1, 1, 1, 1, 1, 1, 1, 1, 0, 0, 0, 0, 0, 0, 0, 0, 0, 0, 0, 0, 0, 0, 0, 0, 0, 0, 0, 0, 0, 0, 1, 1, 1, 1, 1, 1, 1, 0, 0, 0, 0, 0, 0, 0]","[0, 0, 0, 0, 0, 0, 0, 0, 0, 0, 0, 0, 0, 0, 0, 0, 0, 0, 0, 0, 0, 0, 1, 0, 0, 0, 0, 0, 0, 1, 0, 0, 0, 0, 0, 0, 0, 0, 0, 0, 0, 0, 0, 0, 0, 0, 0, 0, 0, 0]","[1.0, 1.0, 1.0, 1.0, 1.0, 1.0, 0.8571428571428571, 0.75, 0.6666666666666666, 0.6, 0.5454545454545454, 0.5, 0.46153846153846156, 0.42857142857142855, 0.4666666666666667, 0.5, 0.5294117647058824, 0.5555555555555556, 0.5789473684210527, 0.6, 0.6190476190476191, 0.6363636363636364, 0.6086956521739131, 0.5833333333333334, 0.56, 0.5384615384615384, 0.5185185185185185, 0.5, 0.4827586206896552, 0.5, 0.5161290322580645, 0.53125, 0.5454545454545454, 0.5588235294117647, 0.5714285714285714, 0.5833333333333334, 0.5675675675675675, 0.5526315789473685, 0.5384615384615384, 0.525, 0.5121951219512195, 0.5, 0.4883720930232558, 0.5, 0.5111111111111111, 0.5217391304347826, 0.5319148936170213, 0.5416666666666666, 0.5510204081632653, 0.56]","[0.0, 0.0, 0.0, 0.0, 0.0, 0.0, 0.14285714285714285, 0.25, 0.3333333333333333, 0.4, 0.45454545454545453, 0.5, 0.5384615384615384, 0.5714285714285714, 0.5333333333333333, 0.5, 0.47058823529411764, 0.4444444444444444, 0.42105263157894735, 0.4, 0.38095238095238093, 0.36363636363636365, 0.34782608695652173, 0.3333333333333333, 0.32, 0.3076923076923077, 0.2962962962962963, 0.2857142857142857, 0.27586206896551724, 0.26666666666666666, 0.25806451612903225, 0.25, 0.24242424242424243, 0.23529411764705882, 0.22857142857142856, 0.2222222222222222, 0.24324324324324326, 0.2631578947368421, 0.28205128205128205, 0.3, 0.3170731707317073, 0.3333333333333333, 0.3488372093023256, 0.3409090909090909, 0.3333333333333333, 0.32608695652173914, 0.3191489361702128, 0.3125, 0.30612244897959184, 0.3]","[0.0, 0.0, 0.0, 0.0, 0.0, 0.0, 0.0, 0.0, 0.0, 0.0, 0.0, 0.0, 0.0, 0.0, 0.0, 0.0, 0.0, 0.0, 0.0, 0.0, 0.0, 0.0, 0.043478260869565216, 0.041666666666666664, 0.04, 0.038461538461538464, 0.037037037037037035, 0.03571428571428571, 0.034482758620689655, 0.06666666666666667, 0.06451612903225806, 0.0625, 0.06060606060606061, 0.058823529411764705, 0.05714285714285714, 0.05555555555555555, 0.05405405405405406, 0.05263157894736842, 0.05128205128205128, 0.05, 0.04878048780487805, 0.047619047619047616, 0.046511627906976744, 0.045454545454545456, 0.044444444444444446, 0.043478260869565216, 0.0425531914893617, 0.041666666666666664, 0.04081632653061224, 0.04]"
tDCS_1_load_0,27052025,male,"['B', 'B', 'B', 'B', 'B', 'R', 'R', 'R', 'R', 'B', 'B', 'B', 'B', 'B', 'B', 'R', 'R', 'R', 'R', 'B', 'B', 'B', 'B', 'B', 'B', 'R', 'R', 'B', 'B', 'B', 'B', 'B', 'R', 'B', 'B', 'B', 'B', 'B', 'R', 'R', 'R', 'R', 'R', 'R', 'B', 'B', 'B', 'B', 'B', 'B']","[2.903, 2.571, 2.953, 2.48, 2.837, 2.6, 2.911, 2.761, 2.538, 2.538, 2.732, 2.795, 2.503, 2.841, 2.072, 2.991, 3.032, 2.572, 3.122, 2.497, 2.762, 2.83, 3.361, 3.193, 2.733, 2.912, 2.907, 2.903, 3.035, 2.319, 2.919, 2.481, 2.589, 2.58, 2.21, 2.908, 2.793, 2.666, 2.754, 2.527, 2.948, 2.643, 2.717, 2.89, 2.553, 3.204, 2.905, 3.196, 2.379, 2.484]","[1, 1, 1, 1, 1, 0, 0, 0, 0, 1, 1, 1, 1, 1, 1, 0, 0, 0, 0, 1, 1, 1, 1, 1, 1, 0, 0, 1, 1, 1, 1, 1, 0, 1, 1, 1, 1, 1, 0, 0, 0, 0, 0, 0, 1, 1, 1, 1, 1, 1]","[0, 0, 0, 0, 0, 1, 1, 1, 1, 0, 0, 0, 0, 0, 0, 1, 1, 1, 1, 0, 0, 0, 0, 0, 0, 1, 1, 0, 0, 0, 0, 0, 1, 0, 0, 0, 0, 0, 1, 1, 1, 1, 1, 1, 0, 0, 0, 0, 0, 0]","[0, 0, 0, 0, 0, 0, 0, 0, 0, 0, 0, 0, 0, 0, 0, 0, 0, 0, 0, 0, 0, 0, 0, 0, 0, 0, 0, 0, 0, 0, 0, 0, 0, 0, 0, 0, 0, 0, 0, 0, 0, 0, 0, 0, 0, 0, 0, 0, 0, 0]","[1.0, 1.0, 1.0, 1.0, 1.0, 0.8333333333333334, 0.7142857142857143, 0.625, 0.5555555555555556, 0.6, 0.6363636363636364, 0.6666666666666666, 0.6923076923076923, 0.7142857142857143, 0.7333333333333333, 0.6875, 0.6470588235294118, 0.6111111111111112, 0.5789473684210527, 0.6, 0.6190476190476191, 0.6363636363636364, 0.6521739130434783, 0.6666666666666666, 0.68, 0.6538461538461539, 0.6296296296296297, 0.6428571428571429, 0.6551724137931034, 0.6666666666666666, 0.6774193548387096, 0.6875, 0.6666666666666666, 0.6764705882352942, 0.6857142857142857, 0.6944444444444444, 0.7027027027027027, 0.7105263157894737, 0.6923076923076923, 0.675, 0.6585365853658537, 0.6428571428571429, 0.627906976744186, 0.6136363636363636, 0.6222222222222222, 0.6304347826086957, 0.6382978723404256, 0.6458333333333334, 0.6530612244897959, 0.66]","[0.0, 0.0, 0.0, 0.0, 0.0, 0.16666666666666666, 0.2857142857142857, 0.375, 0.4444444444444444, 0.4, 0.36363636363636365, 0.3333333333333333, 0.3076923076923077, 0.2857142857142857, 0.26666666666666666, 0.3125, 0.35294117647058826, 0.3888888888888889, 0.42105263157894735, 0.4, 0.38095238095238093, 0.36363636363636365, 0.34782608695652173, 0.3333333333333333, 0.32, 0.34615384615384615, 0.37037037037037035, 0.35714285714285715, 0.3448275862068966, 0.3333333333333333, 0.3225806451612903, 0.3125, 0.3333333333333333, 0.3235294117647059, 0.3142857142857143, 0.3055555555555556, 0.2972972972972973, 0.2894736842105263, 0.3076923076923077, 0.325, 0.34146341463414637, 0.35714285714285715, 0.37209302325581395, 0.38636363636363635, 0.37777777777777777, 0.3695652173913043, 0.3617021276595745, 0.3541666666666667, 0.3469387755102041, 0.34]","[0.0, 0.0, 0.0, 0.0, 0.0, 0.0, 0.0, 0.0, 0.0, 0.0, 0.0, 0.0, 0.0, 0.0, 0.0, 0.0, 0.0, 0.0, 0.0, 0.0, 0.0, 0.0, 0.0, 0.0, 0.0, 0.0, 0.0, 0.0, 0.0, 0.0, 0.0, 0.0, 0.0, 0.0, 0.0, 0.0, 0.0, 0.0, 0.0, 0.0, 0.0, 0.0, 0.0, 0.0, 0.0, 0.0, 0.0, 0.0, 0.0, 0.0]"
tDCS_1_load_0,070525M8,Male,"['B', 'B', 'B', 'B', 'B', 'A', 'A', 'A', 'B', 'B', 'B', 'B', 'B', 'B', 'B', 'R', 'R', 'R', 'R', 'R', 'R', 'B', 'B', 'B', 'B', 'B', 'B', 'B', 'R', 'B', 'B', 'B', 'B', 'B', 'B', 'B', 'R', 'R', 'R', 'B', 'B', 'B', 'B', 'B', 'B', 'B', 'R', 'R', 'R', 'R']","[1.92, 1.924, 1.798, 2.365, 2.326, 1.79, 2.014, 2.189, 2.288, 1.974, 1.83, 1.81, 1.957, 2.112, 1.695, 2.065, 1.854, 1.901, 1.46, 2.092, 2.254, 1.926, 2.287, 1.976, 2.055, 2.132, 1.727, 1.876, 1.952, 1.759, 1.934, 1.884, 2.056, 2.195, 2.107, 1.85, 2.352, 1.998, 1.629, 1.929, 1.47, 1.691, 2.457, 1.719, 1.783, 1.793, 1.991, 1.936, 2.118, 1.6]","[1, 1, 1, 1, 1, 0, 0, 0, 1, 1, 1, 1, 1, 1, 1, 0, 0, 0, 0, 0, 0, 1, 1, 1, 1, 1, 1, 1, 0, 1, 1, 1, 1, 1, 1, 1, 0, 0, 0, 1, 1, 1, 1, 1, 1, 1, 0, 0, 0, 0]","[0, 0, 0, 0, 0, 0, 0, 0, 0, 0, 0, 0, 0, 0, 0, 1, 1, 1, 1, 1, 1, 0, 0, 0, 0, 0, 0, 0, 1, 0, 0, 0, 0, 0, 0, 0, 1, 1, 1, 0, 0, 0, 0, 0, 0, 0, 1, 1, 1, 1]","[0, 0, 0, 0, 0, 1, 0, 0, 1, 0, 0, 0, 0, 0, 0, 0, 0, 0, 0, 0, 0, 0, 0, 0, 0, 0, 0, 0, 0, 0, 0, 0, 0, 0, 0, 0, 0, 0, 0, 0, 0, 0, 0, 0, 0, 0, 0, 0, 0, 0]","[1.0, 1.0, 1.0, 1.0, 1.0, 0.8333333333333334, 0.7142857142857143, 0.625, 0.6666666666666666, 0.7, 0.7272727272727273, 0.75, 0.7692307692307693, 0.7857142857142857, 0.8, 0.75, 0.7058823529411765, 0.6666666666666666, 0.631578947368421, 0.6, 0.5714285714285714, 0.5909090909090909, 0.6086956521739131, 0.625, 0.64, 0.6538461538461539, 0.6666666666666666, 0.6785714285714286, 0.6551724137931034, 0.6666666666666666, 0.6774193548387096, 0.6875, 0.696969696969697, 0.7058823529411765, 0.7142857142857143, 0.7222222222222222, 0.7027027027027027, 0.6842105263157895, 0.6666666666666666, 0.675, 0.6829268292682927, 0.6904761904761905, 0.6976744186046512, 0.7045454545454546, 0.7111111111111111, 0.717391304347826, 0.7021276595744681, 0.6875, 0.673469387755102, 0.66]","[0.0, 0.0, 0.0, 0.0, 0.0, 0.0, 0.0, 0.0, 0.0, 0.0, 0.0, 0.0, 0.0, 0.0, 0.0, 0.0625, 0.11764705882352941, 0.16666666666666666, 0.21052631578947367, 0.25, 0.2857142857142857, 0.2727272727272727, 0.2608695652173913, 0.25, 0.24, 0.23076923076923078, 0.2222222222222222, 0.21428571428571427, 0.2413793103448276, 0.23333333333333334, 0.22580645161290322, 0.21875, 0.21212121212121213, 0.20588235294117646, 0.2, 0.19444444444444445, 0.21621621621621623, 0.23684210526315788, 0.2564102564102564, 0.25, 0.24390243902439024, 0.23809523809523808, 0.23255813953488372, 0.22727272727272727, 0.2222222222222222, 0.21739130434782608, 0.23404255319148937, 0.25, 0.2653061224489796, 0.28]","[0.0, 0.0, 0.0, 0.0, 0.0, 0.16666666666666666, 0.14285714285714285, 0.125, 0.2222222222222222, 0.2, 0.18181818181818182, 0.16666666666666666, 0.15384615384615385, 0.14285714285714285, 0.13333333333333333, 0.125, 0.11764705882352941, 0.1111111111111111, 0.10526315789473684, 0.1, 0.09523809523809523, 0.09090909090909091, 0.08695652173913043, 0.08333333333333333, 0.08, 0.07692307692307693, 0.07407407407407407, 0.07142857142857142, 0.06896551724137931, 0.06666666666666667, 0.06451612903225806, 0.0625, 0.06060606060606061, 0.058823529411764705, 0.05714285714285714, 0.05555555555555555, 0.05405405405405406, 0.05263157894736842, 0.05128205128205128, 0.05, 0.04878048780487805, 0.047619047619047616, 0.046511627906976744, 0.045454545454545456, 0.044444444444444446, 0.043478260869565216, 0.0425531914893617, 0.041666666666666664, 0.04081632653061224, 0.04]"
tDCS_1_load_0,090525M,Male,"['A', 'B', 'B', 'B', 'B', 'B', 'B', 'B', 'A', 'A', 'A', 'B', 'B', 'B', 'B', 'B', 'R', 'R', 'R', 'R', 'B', 'R', 'B', 'R', 'B', 'B', 'B', 'R', 'R', 'R', 'R', 'R', 'R', 'B', 'B', 'B', 'B', 'B', 'B', 'R', 'R', 'R', 'R', 'R', 'B', 'B', 'B', 'B', 'B', 'B']","[1.92, 1.924, 1.798, 2.365, 2.326, 1.79, 2.014, 2.189, 2.288, 1.974, 1.83, 1.81, 1.957, 2.112, 1.695, 2.065, 1.854, 1.901, 1.46, 2.092, 2.254, 1.926, 2.287, 1.976, 2.055, 2.132, 1.727, 1.876, 1.952, 1.759, 1.934, 1.884, 2.056, 2.195, 2.107, 1.85, 2.352, 1.998, 1.629, 1.929, 1.47, 1.691, 2.457, 1.719, 1.783, 1.793, 1.991, 1.936, 2.118, 1.6]","[0, 1, 1, 1, 1, 1, 1, 1, 0, 0, 0, 1, 1, 1, 1, 1, 0, 0, 0, 0, 1, 0, 1, 0, 1, 1, 1, 0, 0, 0, 0, 0, 0, 1, 1, 1, 1, 1, 1, 0, 0, 0, 0, 0, 1, 1, 1, 1, 1, 1]","[0, 0, 0, 0, 0, 0, 0, 0, 0, 0, 0, 0, 0, 0, 0, 0, 1, 1, 1, 1, 0, 1, 0, 1, 0, 0, 0, 1, 1, 1, 1, 1, 1, 0, 0, 0, 0, 0, 0, 1, 1, 1, 1, 1, 0, 0, 0, 0, 0, 0]","[0, 1, 0, 0, 0, 0, 0, 0, 1, 0, 0, 1, 0, 0, 0, 0, 0, 0, 0, 0, 0, 0, 0, 0, 0, 0, 0, 0, 0, 0, 0, 0, 0, 0, 0, 0, 0, 0, 0, 0, 0, 0, 0, 0, 0, 0, 0, 0, 0, 0]","[0.0, 0.5, 0.6666666666666666, 0.75, 0.8, 0.8333333333333334, 0.8571428571428571, 0.875, 0.7777777777777778, 0.7, 0.6363636363636364, 0.6666666666666666, 0.6923076923076923, 0.7142857142857143, 0.7333333333333333, 0.75, 0.7058823529411765, 0.6666666666666666, 0.631578947368421, 0.6, 0.6190476190476191, 0.5909090909090909, 0.6086956521739131, 0.5833333333333334, 0.6, 0.6153846153846154, 0.6296296296296297, 0.6071428571428571, 0.5862068965517241, 0.5666666666666667, 0.5483870967741935, 0.53125, 0.5151515151515151, 0.5294117647058824, 0.5428571428571428, 0.5555555555555556, 0.5675675675675675, 0.5789473684210527, 0.5897435897435898, 0.575, 0.5609756097560976, 0.5476190476190477, 0.5348837209302325, 0.5227272727272727, 0.5333333333333333, 0.5434782608695652, 0.5531914893617021, 0.5625, 0.5714285714285714, 0.58]","[0.0, 0.0, 0.0, 0.0, 0.0, 0.0, 0.0, 0.0, 0.0, 0.0, 0.0, 0.0, 0.0, 0.0, 0.0, 0.0, 0.058823529411764705, 0.1111111111111111, 0.15789473684210525, 0.2, 0.19047619047619047, 0.22727272727272727, 0.21739130434782608, 0.25, 0.24, 0.23076923076923078, 0.2222222222222222, 0.25, 0.27586206896551724, 0.3, 0.3225806451612903, 0.34375, 0.36363636363636365, 0.35294117647058826, 0.34285714285714286, 0.3333333333333333, 0.32432432432432434, 0.3157894736842105, 0.3076923076923077, 0.325, 0.34146341463414637, 0.35714285714285715, 0.37209302325581395, 0.38636363636363635, 0.37777777777777777, 0.3695652173913043, 0.3617021276595745, 0.3541666666666667, 0.3469387755102041, 0.34]","[0.0, 0.5, 0.3333333333333333, 0.25, 0.2, 0.16666666666666666, 0.14285714285714285, 0.125, 0.2222222222222222, 0.2, 0.18181818181818182, 0.25, 0.23076923076923078, 0.21428571428571427, 0.2, 0.1875, 0.17647058823529413, 0.16666666666666666, 0.15789473684210525, 0.15, 0.14285714285714285, 0.13636363636363635, 0.13043478260869565, 0.125, 0.12, 0.11538461538461539, 0.1111111111111111, 0.10714285714285714, 0.10344827586206896, 0.1, 0.0967741935483871, 0.09375, 0.09090909090909091, 0.08823529411764706, 0.08571428571428572, 0.08333333333333333, 0.08108108108108109, 0.07894736842105263, 0.07692307692307693, 0.075, 0.07317073170731707, 0.07142857142857142, 0.06976744186046512, 0.06818181818181818, 0.06666666666666667, 0.06521739130434782, 0.06382978723404255, 0.0625, 0.061224489795918366, 0.06]"
tDCS_1_load_0,240525TS,Female,"['A', 'A', 'A', 'A', 'A', 'A', 'B', 'B', 'B', 'B', 'B', 'B', 'B', 'R', 'B', 'R', 'R', 'R', 'B', 'B', 'B', 'B', 'B', 'B', 'B', 'R', 'R', 'R', 'A', 'R', 'B', 'B', 'B', 'B', 'B', 'B', 'B', 'B', 'A', 'A', 'R', 'A', 'B', 'B', 'B', 'B', 'B', 'B', 'B', 'B']","[1.906, 2.024, 2.379, 2.38, 1.99, 1.848, 2.201, 1.74, 2.193, 1.65, 2.175, 2.012, 1.626, 2.1, 1.757, 2.29, 1.922, 2.313, 1.875, 2.188, 1.7, 1.673, 1.791, 1.816, 2.143, 2.117, 2.159, 2.094, 1.488, 2.006, 2.178, 2.048, 2.063, 1.468, 2.052, 2.162, 2.058, 1.96, 1.755, 2.108, 2.239, 2.001, 1.667, 2.158, 2.371, 1.72, 1.769, 1.961, 1.857, 1.949]","[0, 0, 0, 0, 0, 0, 1, 1, 1, 1, 1, 1, 1, 0, 1, 0, 0, 0, 1, 1, 1, 1, 1, 1, 1, 0, 0, 0, 0, 0, 1, 1, 1, 1, 1, 1, 1, 1, 0, 0, 0, 0, 1, 1, 1, 1, 1, 1, 1, 1]","[0, 0, 0, 0, 0, 0, 0, 0, 0, 0, 0, 0, 0, 1, 0, 1, 1, 1, 0, 0, 0, 0, 0, 0, 0, 1, 1, 1, 0, 1, 0, 0, 0, 0, 0, 0, 0, 0, 0, 0, 1, 0, 0, 0, 0, 0, 0, 0, 0, 0]","[0, 0, 0, 0, 0, 0, 1, 0, 0, 0, 0, 0, 0, 0, 0, 0, 0, 0, 0, 0, 0, 0, 0, 0, 0, 0, 0, 0, 1, 0, 1, 0, 0, 0, 0, 0, 0, 0, 1, 0, 0, 0, 1, 0, 0, 0, 0, 0, 0, 0]","[0.0, 0.0, 0.0, 0.0, 0.0, 0.0, 0.14285714285714285, 0.25, 0.3333333333333333, 0.4, 0.45454545454545453, 0.5, 0.5384615384615384, 0.5, 0.5333333333333333, 0.5, 0.47058823529411764, 0.4444444444444444, 0.47368421052631576, 0.5, 0.5238095238095238, 0.5454545454545454, 0.5652173913043478, 0.5833333333333334, 0.6, 0.5769230769230769, 0.5555555555555556, 0.5357142857142857, 0.5172413793103449, 0.5, 0.5161290322580645, 0.53125, 0.5454545454545454, 0.5588235294117647, 0.5714285714285714, 0.5833333333333334, 0.5945945945945946, 0.6052631578947368, 0.5897435897435898, 0.575, 0.5609756097560976, 0.5476190476190477, 0.5581395348837209, 0.5681818181818182, 0.5777777777777777, 0.5869565217391305, 0.5957446808510638, 0.6041666666666666, 0.6122448979591837, 0.62]","[0.0, 0.0, 0.0, 0.0, 0.0, 0.0, 0.0, 0.0, 0.0, 0.0, 0.0, 0.0, 0.0, 0.07142857142857142, 0.06666666666666667, 0.125, 0.17647058823529413, 0.2222222222222222, 0.21052631578947367, 0.2, 0.19047619047619047, 0.18181818181818182, 0.17391304347826086, 0.16666666666666666, 0.16, 0.19230769230769232, 0.2222222222222222, 0.25, 0.2413793103448276, 0.26666666666666666, 0.25806451612903225, 0.25, 0.24242424242424243, 0.23529411764705882, 0.22857142857142856, 0.2222222222222222, 0.21621621621621623, 0.21052631578947367, 0.20512820512820512, 0.2, 0.21951219512195122, 0.21428571428571427, 0.20930232558139536, 0.20454545454545456, 0.2, 0.1956521739130435, 0.19148936170212766, 0.1875, 0.1836734693877551, 0.18]","[0.0, 0.0, 0.0, 0.0, 0.0, 0.0, 0.14285714285714285, 0.125, 0.1111111111111111, 0.1, 0.09090909090909091, 0.08333333333333333, 0.07692307692307693, 0.07142857142857142, 0.06666666666666667, 0.0625, 0.058823529411764705, 0.05555555555555555, 0.05263157894736842, 0.05, 0.047619047619047616, 0.045454545454545456, 0.043478260869565216, 0.041666666666666664, 0.04, 0.038461538461538464, 0.037037037037037035, 0.03571428571428571, 0.06896551724137931, 0.06666666666666667, 0.0967741935483871, 0.09375, 0.09090909090909091, 0.08823529411764706, 0.08571428571428572, 0.08333333333333333, 0.08108108108108109, 0.07894736842105263, 0.10256410256410256, 0.1, 0.0975609756097561, 0.09523809523809523, 0.11627906976744186, 0.11363636363636363, 0.1111111111111111, 0.10869565217391304, 0.10638297872340426, 0.10416666666666667, 0.10204081632653061, 0.1]"
tDCS_1_load_0,EEG0207MAIN,Female,"['B', 'B', 'R', 'R', 'B', 'B', 'A', 'B', 'B', 'R', 'B', 'B', 'B', 'A', 'B', 'B', 'A', 'B', 'B', 'R', 'A', 'R', 'B', 'R', 'B', 'A', 'B', 'R', 'B', 'R', 'R', 'R', 'R', 'B', 'A', 'R', 'B', 'A', 'A', 'R', 'B', 'B', 'B', 'A', 'B', 'B', 'B', 'R', 'B', 'A']","['17.69', '0', 'Reveal Only', 'Reveal Only', '0', '0', '3.22', '0', '14.2', 'Reveal Only', '0', '0', '17.62', '3.07', '0', '14.53', '3.35', '0', '0', 'Reveal Only', '3.22', 'Reveal Only', '0', 'Reveal Only', '0', '3.13', '0', 'Reveal Only', '0', 'Reveal Only', 'Reveal Only', 'Reveal Only', 'Reveal Only', '0', '2.91', 'Reveal Only', '16.67', '3.05', '2.68', 'Reveal Only', '0', '0', '16.47', '3.28', '0', '15.77', '0', 'Reveal Only', '0', '3.02']","[1, 1, 0, 0, 1, 1, 0, 1, 1, 0, 1, 1, 1, 0, 1, 1, 0, 1, 1, 0, 0, 0, 1, 0, 1, 0, 1, 0, 1, 0, 0, 0, 0, 1, 0, 0, 1, 0, 0, 0, 1, 1, 1, 0, 1, 1, 1, 0, 1, 0]","[0, 0, 1, 1, 0, 0, 0, 0, 0, 1, 0, 0, 0, 0, 0, 0, 0, 0, 0, 1, 0, 1, 0, 1, 0, 0, 0, 1, 0, 1, 1, 1, 1, 0, 0, 1, 0, 0, 0, 1, 0, 0, 0, 0, 0, 0, 0, 1, 0, 0]","[0, 0, 0, 0, 0, 0, 1, 1, 0, 0, 0, 0, 0, 1, 1, 0, 1, 1, 0, 0, 1, 0, 1, 0, 0, 1, 1, 0, 0, 0, 0, 0, 0, 0, 1, 0, 1, 1, 0, 0, 1, 0, 0, 1, 1, 0, 0, 0, 0, 1]","[1.0, 1.0, 0.6666666666666666, 0.5, 0.6, 0.6666666666666666, 0.5714285714285714, 0.625, 0.6666666666666666, 0.6, 0.6363636363636364, 0.6666666666666666, 0.6923076923076923, 0.6428571428571429, 0.6666666666666666, 0.6875, 0.6470588235294118, 0.6666666666666666, 0.6842105263157895, 0.65, 0.6190476190476191, 0.5909090909090909, 0.6086956521739131, 0.5833333333333334, 0.6, 0.5769230769230769, 0.5925925925925926, 0.5714285714285714, 0.5862068965517241, 0.5666666666666667, 0.5483870967741935, 0.53125, 0.5151515151515151, 0.5294117647058824, 0.5142857142857142, 0.5, 0.5135135135135135, 0.5, 0.48717948717948717, 0.475, 0.4878048780487805, 0.5, 0.5116279069767442, 0.5, 0.5111111111111111, 0.5217391304347826, 0.5319148936170213, 0.5208333333333334, 0.5306122448979592, 0.52]","[0.0, 0.0, 0.3333333333333333, 0.5, 0.4, 0.3333333333333333, 0.2857142857142857, 0.25, 0.2222222222222222, 0.3, 0.2727272727272727, 0.25, 0.23076923076923078, 0.21428571428571427, 0.2, 0.1875, 0.17647058823529413, 0.16666666666666666, 0.15789473684210525, 0.2, 0.19047619047619047, 0.22727272727272727, 0.21739130434782608, 0.25, 0.24, 0.23076923076923078, 0.2222222222222222, 0.25, 0.2413793103448276, 0.26666666666666666, 0.2903225806451613, 0.3125, 0.3333333333333333, 0.3235294117647059, 0.3142857142857143, 0.3333333333333333, 0.32432432432432434, 0.3157894736842105, 0.3076923076923077, 0.325, 0.3170731707317073, 0.30952380952380953, 0.3023255813953488, 0.29545454545454547, 0.28888888888888886, 0.2826086956521739, 0.2765957446808511, 0.2916666666666667, 0.2857142857142857, 0.28]","[0.0, 0.0, 0.0, 0.0, 0.0, 0.0, 0.14285714285714285, 0.25, 0.2222222222222222, 0.2, 0.18181818181818182, 0.16666666666666666, 0.15384615384615385, 0.21428571428571427, 0.26666666666666666, 0.25, 0.29411764705882354, 0.3333333333333333, 0.3157894736842105, 0.3, 0.3333333333333333, 0.3181818181818182, 0.34782608695652173, 0.3333333333333333, 0.32, 0.34615384615384615, 0.37037037037037035, 0.35714285714285715, 0.3448275862068966, 0.3333333333333333, 0.3225806451612903, 0.3125, 0.30303030303030304, 0.29411764705882354, 0.3142857142857143, 0.3055555555555556, 0.32432432432432434, 0.34210526315789475, 0.3333333333333333, 0.325, 0.34146341463414637, 0.3333333333333333, 0.32558139534883723, 0.3409090909090909, 0.35555555555555557, 0.34782608695652173, 0.3404255319148936, 0.3333333333333333, 0.32653061224489793, 0.34]"
tDCS_1_load_0,EEGM0807,Male,"['R', 'B', 'B', 'B', 'B', 'R', 'B', 'R', 'B', 'R', 'B', 'B', 'R', 'A', 'R', 'B', 'A', 'A', 'A', 'B', 'A', 'B', 'B', 'B', 'B', 'B', 'B', 'R', 'B', 'R', 'R', 'B', 'A', 'B', 'B', 'B', 'R', 'R', 'B', 'R', 'R', 'B', 'R', 'B', 'B', 'B', 'R', 'B', 'A', 'B']","['Reveal Only', '0', '3.36', '0', '2.51', 'Reveal Only', '17.07', 'Reveal Only', '3.26', 'Reveal Only', '0', '0', 'Reveal Only', '3.24', 'Reveal Only', '2.88', '3.46', '3.29', '3.11', '0', '2.55', '2.81', '14.09', '0', '3.1', '2.68', '0', 'Reveal Only', '3.42', 'Reveal Only', 'Reveal Only', '3.41', '3.34', '2.89', '0', '2.86', 'Reveal Only', 'Reveal Only', '0', 'Reveal Only', 'Reveal Only', '2.69', 'Reveal Only', '0', '0', '2.71', 'Reveal Only', '2.57', '2.67', '3.23']","[0, 1, 1, 1, 1, 0, 1, 0, 1, 0, 1, 1, 0, 0, 0, 1, 0, 0, 0, 1, 0, 1, 1, 1, 1, 1, 1, 0, 1, 0, 0, 1, 0, 1, 1, 1, 0, 0, 1, 0, 0, 1, 0, 1, 1, 1, 0, 1, 0, 1]","[1, 0, 0, 0, 0, 1, 0, 1, 0, 1, 0, 0, 1, 0, 1, 0, 0, 0, 0, 0, 0, 0, 0, 0, 0, 0, 0, 1, 0, 1, 1, 0, 0, 0, 0, 0, 1, 1, 0, 1, 1, 0, 1, 0, 0, 0, 1, 0, 0, 0]","[0, 0, 0, 0, 0, 0, 0, 0, 0, 0, 0, 0, 0, 1, 0, 1, 1, 0, 0, 1, 1, 1, 0, 0, 0, 0, 0, 0, 0, 0, 0, 0, 1, 1, 0, 0, 0, 0, 0, 0, 0, 0, 0, 0, 0, 0, 0, 0, 1, 1]","[0.0, 0.5, 0.6666666666666666, 0.75, 0.8, 0.6666666666666666, 0.7142857142857143, 0.625, 0.6666666666666666, 0.6, 0.6363636363636364, 0.6666666666666666, 0.6153846153846154, 0.5714285714285714, 0.5333333333333333, 0.5625, 0.5294117647058824, 0.5, 0.47368421052631576, 0.5, 0.47619047619047616, 0.5, 0.5217391304347826, 0.5416666666666666, 0.56, 0.5769230769230769, 0.5925925925925926, 0.5714285714285714, 0.5862068965517241, 0.5666666666666667, 0.5483870967741935, 0.5625, 0.5454545454545454, 0.5588235294117647, 0.5714285714285714, 0.5833333333333334, 0.5675675675675675, 0.5526315789473685, 0.5641025641025641, 0.55, 0.5365853658536586, 0.5476190476190477, 0.5348837209302325, 0.5454545454545454, 0.5555555555555556, 0.5652173913043478, 0.5531914893617021, 0.5625, 0.5510204081632653, 0.56]","[1.0, 0.5, 0.3333333333333333, 0.25, 0.2, 0.3333333333333333, 0.2857142857142857, 0.375, 0.3333333333333333, 0.4, 0.36363636363636365, 0.3333333333333333, 0.38461538461538464, 0.35714285714285715, 0.4, 0.375, 0.35294117647058826, 0.3333333333333333, 0.3157894736842105, 0.3, 0.2857142857142857, 0.2727272727272727, 0.2608695652173913, 0.25, 0.24, 0.23076923076923078, 0.2222222222222222, 0.25, 0.2413793103448276, 0.26666666666666666, 0.2903225806451613, 0.28125, 0.2727272727272727, 0.2647058823529412, 0.2571428571428571, 0.25, 0.2702702702702703, 0.2894736842105263, 0.28205128205128205, 0.3, 0.3170731707317073, 0.30952380952380953, 0.32558139534883723, 0.3181818181818182, 0.3111111111111111, 0.30434782608695654, 0.3191489361702128, 0.3125, 0.30612244897959184, 0.3]","[0.0, 0.0, 0.0, 0.0, 0.0, 0.0, 0.0, 0.0, 0.0, 0.0, 0.0, 0.0, 0.0, 0.07142857142857142, 0.06666666666666667, 0.125, 0.17647058823529413, 0.16666666666666666, 0.15789473684210525, 0.2, 0.23809523809523808, 0.2727272727272727, 0.2608695652173913, 0.25, 0.24, 0.23076923076923078, 0.2222222222222222, 0.21428571428571427, 0.20689655172413793, 0.2, 0.1935483870967742, 0.1875, 0.21212121212121213, 0.23529411764705882, 0.22857142857142856, 0.2222222222222222, 0.21621621621621623, 0.21052631578947367, 0.20512820512820512, 0.2, 0.1951219512195122, 0.19047619047619047, 0.18604651162790697, 0.18181818181818182, 0.17777777777777778, 0.17391304347826086, 0.1702127659574468, 0.16666666666666666, 0.1836734693877551, 0.2]"
tDCS_1_load_0,EFM21,Female,"['R', 'B', 'B', 'B', 'A', 'B', 'B', 'B', 'B', 'B', 'R', 'B', 'A', 'R', 'B', 'A', 'R', 'A', 'B', 'B', 'B', 'B', 'B', 'R', 'B', 'B', 'A', 'B', 'B', 'B', 'B', 'A', 'B', 'B', 'A', 'B', 'B', 'R', 'R', 'B', 'B', 'A', 'B', 'A', 'B', 'B', 'R', 'R', 'A', 'B']","['Reveal Only', '2.71', '2.76', '0', '3.21', '0', '0', '2.9', '2.64', '0', 'Reveal Only', '3.17', '2.55', 'Reveal Only', '3.07', '3.32', 'Reveal Only', '2.98', '3.32', '3.08', '3.47', '3.47', '3.37', 'Reveal Only', '3.15', '3.33', '2.68', '2.6', '0', '3.05', '2.67', '2.85', '2.8', '3.41', '3.31', '2.65', '2.67', 'Reveal Only', 'Reveal Only', '3.39', '3.1', '2.55', '3.48', '2.58', '3.31', '3.28', 'Reveal Only', 'Reveal Only', '3.4', '2.74']","[0, 1, 1, 1, 0, 1, 1, 1, 1, 1, 0, 1, 0, 0, 1, 0, 0, 0, 1, 1, 1, 1, 1, 0, 1, 1, 0, 1, 1, 1, 1, 0, 1, 1, 0, 1, 1, 0, 0, 1, 1, 0, 1, 0, 1, 1, 0, 0, 0, 1]","[1, 0, 0, 0, 0, 0, 0, 0, 0, 0, 1, 0, 0, 1, 0, 0, 1, 0, 0, 0, 0, 0, 0, 1, 0, 0, 0, 0, 0, 0, 0, 0, 0, 0, 0, 0, 0, 1, 1, 0, 0, 0, 0, 0, 0, 0, 1, 1, 0, 0]","[0, 0, 0, 0, 1, 1, 0, 0, 0, 0, 0, 0, 1, 0, 1, 1, 0, 0, 1, 0, 0, 0, 0, 0, 0, 0, 1, 1, 0, 0, 0, 1, 1, 0, 1, 1, 0, 0, 0, 0, 0, 1, 1, 1, 1, 0, 0, 0, 1, 1]","[0.0, 0.5, 0.6666666666666666, 0.75, 0.6, 0.6666666666666666, 0.7142857142857143, 0.75, 0.7777777777777778, 0.8, 0.7272727272727273, 0.75, 0.6923076923076923, 0.6428571428571429, 0.6666666666666666, 0.625, 0.5882352941176471, 0.5555555555555556, 0.5789473684210527, 0.6, 0.6190476190476191, 0.6363636363636364, 0.6521739130434783, 0.625, 0.64, 0.6538461538461539, 0.6296296296296297, 0.6428571428571429, 0.6551724137931034, 0.6666666666666666, 0.6774193548387096, 0.65625, 0.6666666666666666, 0.6764705882352942, 0.6571428571428571, 0.6666666666666666, 0.6756756756756757, 0.6578947368421053, 0.6410256410256411, 0.65, 0.6585365853658537, 0.6428571428571429, 0.6511627906976745, 0.6363636363636364, 0.6444444444444445, 0.6521739130434783, 0.6382978723404256, 0.625, 0.6122448979591837, 0.62]","[1.0, 0.5, 0.3333333333333333, 0.25, 0.2, 0.16666666666666666, 0.14285714285714285, 0.125, 0.1111111111111111, 0.1, 0.18181818181818182, 0.16666666666666666, 0.15384615384615385, 0.21428571428571427, 0.2, 0.1875, 0.23529411764705882, 0.2222222222222222, 0.21052631578947367, 0.2, 0.19047619047619047, 0.18181818181818182, 0.17391304347826086, 0.20833333333333334, 0.2, 0.19230769230769232, 0.18518518518518517, 0.17857142857142858, 0.1724137931034483, 0.16666666666666666, 0.16129032258064516, 0.15625, 0.15151515151515152, 0.14705882352941177, 0.14285714285714285, 0.1388888888888889, 0.13513513513513514, 0.15789473684210525, 0.1794871794871795, 0.175, 0.17073170731707318, 0.16666666666666666, 0.16279069767441862, 0.1590909090909091, 0.15555555555555556, 0.15217391304347827, 0.1702127659574468, 0.1875, 0.1836734693877551, 0.18]","[0.0, 0.0, 0.0, 0.0, 0.2, 0.3333333333333333, 0.2857142857142857, 0.25, 0.2222222222222222, 0.2, 0.18181818181818182, 0.16666666666666666, 0.23076923076923078, 0.21428571428571427, 0.26666666666666666, 0.3125, 0.29411764705882354, 0.2777777777777778, 0.3157894736842105, 0.3, 0.2857142857142857, 0.2727272727272727, 0.2608695652173913, 0.25, 0.24, 0.23076923076923078, 0.25925925925925924, 0.2857142857142857, 0.27586206896551724, 0.26666666666666666, 0.25806451612903225, 0.28125, 0.30303030303030304, 0.29411764705882354, 0.3142857142857143, 0.3333333333333333, 0.32432432432432434, 0.3157894736842105, 0.3076923076923077, 0.3, 0.2926829268292683, 0.30952380952380953, 0.32558139534883723, 0.3409090909090909, 0.35555555555555557, 0.34782608695652173, 0.3404255319148936, 0.3333333333333333, 0.3469387755102041, 0.36]"
tDCS_1_load_0,EM17,Male,"['B', 'R', 'B', 'R', 'R', 'B', 'B', 'B', 'R', 'B', 'R', 'R', 'B', 'B', 'B', 'B', 'A', 'B', 'B', 'R', 'B', 'B', 'B', 'B', 'R', 'B', 'B', 'R', 'B', 'A', 'B', 'R', 'B', 'A', 'B', 'B', 'B', 'R', 'R', 'B', 'B', 'R', 'B', 'R', 'R', 'B', 'B', 'R', 'B', 'B']","['0', 'Reveal Only', '14.37', 'Reveal Only', 'Reveal Only', '0', '14.66', '17.94', 'Reveal Only', '0', 'Reveal Only', 'Reveal Only', '0', '16.89', '16.82', '0', '3.25', '0', '0', 'Reveal Only', '0', '0', '0', '17.31', 'Reveal Only', '0', '0', 'Reveal Only', '0', '2.57', '0', 'Reveal Only', '0', '0', '0', '0', '17', 'Reveal Only', 'Reveal Only', '0', '15.93', 'Reveal Only', '0', 'Reveal Only', 'Reveal Only', '0', '0', 'Reveal Only', '0', '0']","[1, 0, 1, 0, 0, 1, 1, 1, 0, 1, 0, 0, 1, 1, 1, 1, 0, 1, 1, 0, 1, 1, 1, 1, 0, 1, 1, 0, 1, 0, 1, 0, 1, 0, 1, 1, 1, 0, 0, 1, 1, 0, 1, 0, 0, 1, 1, 0, 1, 1]","[0, 1, 0, 1, 1, 0, 0, 0, 1, 0, 1, 1, 0, 0, 0, 0, 0, 0, 0, 1, 0, 0, 0, 0, 1, 0, 0, 1, 0, 0, 0, 1, 0, 0, 0, 0, 0, 1, 1, 0, 0, 1, 0, 1, 1, 0, 0, 1, 0, 0]","[0, 0, 0, 0, 0, 0, 0, 0, 0, 0, 0, 0, 0, 0, 0, 0, 1, 1, 0, 0, 0, 0, 0, 0, 0, 0, 0, 0, 0, 1, 1, 0, 0, 1, 1, 0, 0, 0, 0, 0, 0, 0, 0, 0, 0, 0, 0, 0, 0, 0]","[1.0, 0.5, 0.6666666666666666, 0.5, 0.4, 0.5, 0.5714285714285714, 0.625, 0.5555555555555556, 0.6, 0.5454545454545454, 0.5, 0.5384615384615384, 0.5714285714285714, 0.6, 0.625, 0.5882352941176471, 0.6111111111111112, 0.631578947368421, 0.6, 0.6190476190476191, 0.6363636363636364, 0.6521739130434783, 0.6666666666666666, 0.64, 0.6538461538461539, 0.6666666666666666, 0.6428571428571429, 0.6551724137931034, 0.6333333333333333, 0.6451612903225806, 0.625, 0.6363636363636364, 0.6176470588235294, 0.6285714285714286, 0.6388888888888888, 0.6486486486486487, 0.631578947368421, 0.6153846153846154, 0.625, 0.6341463414634146, 0.6190476190476191, 0.627906976744186, 0.6136363636363636, 0.6, 0.6086956521739131, 0.6170212765957447, 0.6041666666666666, 0.6122448979591837, 0.62]","[0.0, 0.5, 0.3333333333333333, 0.5, 0.6, 0.5, 0.42857142857142855, 0.375, 0.4444444444444444, 0.4, 0.45454545454545453, 0.5, 0.46153846153846156, 0.42857142857142855, 0.4, 0.375, 0.35294117647058826, 0.3333333333333333, 0.3157894736842105, 0.35, 0.3333333333333333, 0.3181818181818182, 0.30434782608695654, 0.2916666666666667, 0.32, 0.3076923076923077, 0.2962962962962963, 0.32142857142857145, 0.3103448275862069, 0.3, 0.2903225806451613, 0.3125, 0.30303030303030304, 0.29411764705882354, 0.2857142857142857, 0.2777777777777778, 0.2702702702702703, 0.2894736842105263, 0.3076923076923077, 0.3, 0.2926829268292683, 0.30952380952380953, 0.3023255813953488, 0.3181818181818182, 0.3333333333333333, 0.32608695652173914, 0.3191489361702128, 0.3333333333333333, 0.32653061224489793, 0.32]","[0.0, 0.0, 0.0, 0.0, 0.0, 0.0, 0.0, 0.0, 0.0, 0.0, 0.0, 0.0, 0.0, 0.0, 0.0, 0.0, 0.058823529411764705, 0.1111111111111111, 0.10526315789473684, 0.1, 0.09523809523809523, 0.09090909090909091, 0.08695652173913043, 0.08333333333333333, 0.08, 0.07692307692307693, 0.07407407407407407, 0.07142857142857142, 0.06896551724137931, 0.1, 0.12903225806451613, 0.125, 0.12121212121212122, 0.14705882352941177, 0.17142857142857143, 0.16666666666666666, 0.16216216216216217, 0.15789473684210525, 0.15384615384615385, 0.15, 0.14634146341463414, 0.14285714285714285, 0.13953488372093023, 0.13636363636363635, 0.13333333333333333, 0.13043478260869565, 0.1276595744680851, 0.125, 0.12244897959183673, 0.12]"
tDCS_1_load_1,F16,Female,"['B', 'R', 'B', 'A', 'B', 'R', 'B', 'R', 'B', 'R', 'B', 'R', 'R', 'R', 'R', 'B', 'B', 'R', 'B', 'B', 'B', 'R', 'R', 'B', 'B', 'R', 'B', 'B', 'R', 'R', 'B', 'B', 'A', 'B', 'B', 'B', 'R', 'B', 'B', 'B', 'B', 'R', 'B', 'B', 'R', 'B', 'B', 'B', 'B', 'R']","[2.371, 2.045, 2.888, 2.324, 2.477, 1.948, 2.905, 3.48, 3.273, 2.333, 2.078, 2.616, 2.979, 3.042, 2.934, 2.328, 3.055, 3.15, 1.877, 2.692, 2.681, 2.533, 3.308, 1.724, 2.369, 3.377, 2.815, 2.991, 3.418, 2.668, 2.113, 2.071, 3.361, 2.539, 2.931, 2.954, 1.711, 3.168, 2.696, 1.929, 3.734, 2.228, 2.991, 2.602, 2.603, 2.744, 3.028, 2.455, 2.916, 2.467]","[1, 0, 1, 0, 1, 0, 1, 0, 1, 0, 1, 0, 0, 0, 0, 1, 1, 0, 1, 1, 1, 0, 0, 1, 1, 0, 1, 1, 0, 0, 1, 1, 0, 1, 1, 1, 0, 1, 1, 1, 1, 0, 1, 1, 0, 1, 1, 1, 1, 0]","[0, 1, 0, 0, 0, 1, 0, 1, 0, 1, 0, 1, 1, 1, 1, 0, 0, 1, 0, 0, 0, 1, 1, 0, 0, 1, 0, 0, 1, 1, 0, 0, 0, 0, 0, 0, 1, 0, 0, 0, 0, 1, 0, 0, 1, 0, 0, 0, 0, 1]","[0, 0, 0, 1, 1, 0, 0, 0, 0, 0, 0, 0, 0, 0, 0, 0, 0, 0, 0, 0, 0, 0, 0, 0, 0, 0, 0, 0, 0, 0, 0, 0, 1, 1, 0, 0, 0, 0, 0, 0, 0, 0, 0, 0, 0, 0, 0, 0, 0, 0]","[1.0, 0.5, 0.6666666666666666, 0.5, 0.6, 0.5, 0.5714285714285714, 0.5, 0.5555555555555556, 0.5, 0.5454545454545454, 0.5, 0.46153846153846156, 0.42857142857142855, 0.4, 0.4375, 0.47058823529411764, 0.4444444444444444, 0.47368421052631576, 0.5, 0.5238095238095238, 0.5, 0.4782608695652174, 0.5, 0.52, 0.5, 0.5185185185185185, 0.5357142857142857, 0.5172413793103449, 0.5, 0.5161290322580645, 0.53125, 0.5151515151515151, 0.5294117647058824, 0.5428571428571428, 0.5555555555555556, 0.5405405405405406, 0.5526315789473685, 0.5641025641025641, 0.575, 0.5853658536585366, 0.5714285714285714, 0.5813953488372093, 0.5909090909090909, 0.5777777777777777, 0.5869565217391305, 0.5957446808510638, 0.6041666666666666, 0.6122448979591837, 0.6]","[0.0, 0.5, 0.3333333333333333, 0.25, 0.2, 0.3333333333333333, 0.2857142857142857, 0.375, 0.3333333333333333, 0.4, 0.36363636363636365, 0.4166666666666667, 0.46153846153846156, 0.5, 0.5333333333333333, 0.5, 0.47058823529411764, 0.5, 0.47368421052631576, 0.45, 0.42857142857142855, 0.45454545454545453, 0.4782608695652174, 0.4583333333333333, 0.44, 0.46153846153846156, 0.4444444444444444, 0.42857142857142855, 0.4482758620689655, 0.4666666666666667, 0.45161290322580644, 0.4375, 0.42424242424242425, 0.4117647058823529, 0.4, 0.3888888888888889, 0.40540540540540543, 0.39473684210526316, 0.38461538461538464, 0.375, 0.36585365853658536, 0.38095238095238093, 0.37209302325581395, 0.36363636363636365, 0.37777777777777777, 0.3695652173913043, 0.3617021276595745, 0.3541666666666667, 0.3469387755102041, 0.36]","[0.0, 0.0, 0.0, 0.25, 0.4, 0.3333333333333333, 0.2857142857142857, 0.25, 0.2222222222222222, 0.2, 0.18181818181818182, 0.16666666666666666, 0.15384615384615385, 0.14285714285714285, 0.13333333333333333, 0.125, 0.11764705882352941, 0.1111111111111111, 0.10526315789473684, 0.1, 0.09523809523809523, 0.09090909090909091, 0.08695652173913043, 0.08333333333333333, 0.08, 0.07692307692307693, 0.07407407407407407, 0.07142857142857142, 0.06896551724137931, 0.06666666666666667, 0.06451612903225806, 0.0625, 0.09090909090909091, 0.11764705882352941, 0.11428571428571428, 0.1111111111111111, 0.10810810810810811, 0.10526315789473684, 0.10256410256410256, 0.1, 0.0975609756097561, 0.09523809523809523, 0.09302325581395349, 0.09090909090909091, 0.08888888888888889, 0.08695652173913043, 0.0851063829787234, 0.08333333333333333, 0.08163265306122448, 0.08]"
tDCS_1_load_1,F2,Female,"['R', 'B', 'R', 'B', 'A', 'R', 'A', 'B', 'A', 'R', 'R', 'A', 'B', 'A', 'B', 'A', 'B', 'A', 'B', 'B', 'A', 'A', 'B', 'A', 'A', 'B', 'R', 'B', 'B', 'B', 'R', 'A', 'B', 'A', 'R', 'A', 'B', 'B', 'R', 'A', 'B', 'B', 'A', 'B', 'A', 'B', 'A', 'B', 'B', 'A']","[2.339, 2.115, 2.971, 2.507, 2.988, 2.803, 3.018, 2.619, 3.1, 3.596, 2.438, 1.599, 3.32, 2.264, 2.509, 3.606, 2.59, 2.028, 2.586, 3.253, 2.676, 3.04, 2.464, 3.515, 2.595, 2.36, 2.213, 2.889, 2.95, 3.064, 2.805, 2.813, 3.386, 3.766, 3.441, 3.165, 2.407, 2.351, 3.047, 3.029, 3.2, 2.324, 3.679, 2.311, 3.358, 3.139, 2.533, 3.045, 2.892, 3.303]","[0, 1, 0, 1, 0, 0, 0, 1, 0, 0, 0, 0, 1, 0, 1, 0, 1, 0, 1, 1, 0, 0, 1, 0, 0, 1, 0, 1, 1, 1, 0, 0, 1, 0, 0, 0, 1, 1, 0, 0, 1, 1, 0, 1, 0, 1, 0, 1, 1, 0]","[1, 0, 1, 0, 0, 1, 0, 0, 0, 1, 1, 0, 0, 0, 0, 0, 0, 0, 0, 0, 0, 0, 0, 0, 0, 0, 1, 0, 0, 0, 1, 0, 0, 0, 1, 0, 0, 0, 1, 0, 0, 0, 0, 0, 0, 0, 0, 0, 0, 0]","[0, 0, 0, 0, 1, 0, 0, 1, 1, 0, 0, 0, 1, 1, 1, 1, 1, 1, 1, 0, 1, 0, 1, 1, 0, 1, 0, 0, 0, 0, 0, 1, 1, 1, 0, 0, 1, 0, 0, 1, 1, 0, 1, 1, 1, 1, 1, 1, 0, 1]","[0.0, 0.5, 0.3333333333333333, 0.5, 0.4, 0.3333333333333333, 0.2857142857142857, 0.375, 0.3333333333333333, 0.3, 0.2727272727272727, 0.25, 0.3076923076923077, 0.2857142857142857, 0.3333333333333333, 0.3125, 0.35294117647058826, 0.3333333333333333, 0.3684210526315789, 0.4, 0.38095238095238093, 0.36363636363636365, 0.391304347826087, 0.375, 0.36, 0.38461538461538464, 0.37037037037037035, 0.39285714285714285, 0.41379310344827586, 0.43333333333333335, 0.41935483870967744, 0.40625, 0.42424242424242425, 0.4117647058823529, 0.4, 0.3888888888888889, 0.40540540540540543, 0.42105263157894735, 0.41025641025641024, 0.4, 0.4146341463414634, 0.42857142857142855, 0.4186046511627907, 0.4318181818181818, 0.4222222222222222, 0.43478260869565216, 0.425531914893617, 0.4375, 0.4489795918367347, 0.44]","[1.0, 0.5, 0.6666666666666666, 0.5, 0.4, 0.5, 0.42857142857142855, 0.375, 0.3333333333333333, 0.4, 0.45454545454545453, 0.4166666666666667, 0.38461538461538464, 0.35714285714285715, 0.3333333333333333, 0.3125, 0.29411764705882354, 0.2777777777777778, 0.2631578947368421, 0.25, 0.23809523809523808, 0.22727272727272727, 0.21739130434782608, 0.20833333333333334, 0.2, 0.19230769230769232, 0.2222222222222222, 0.21428571428571427, 0.20689655172413793, 0.2, 0.22580645161290322, 0.21875, 0.21212121212121213, 0.20588235294117646, 0.22857142857142856, 0.2222222222222222, 0.21621621621621623, 0.21052631578947367, 0.23076923076923078, 0.225, 0.21951219512195122, 0.21428571428571427, 0.20930232558139536, 0.20454545454545456, 0.2, 0.1956521739130435, 0.19148936170212766, 0.1875, 0.1836734693877551, 0.18]","[0.0, 0.0, 0.0, 0.0, 0.2, 0.16666666666666666, 0.14285714285714285, 0.25, 0.3333333333333333, 0.3, 0.2727272727272727, 0.25, 0.3076923076923077, 0.35714285714285715, 0.4, 0.4375, 0.47058823529411764, 0.5, 0.5263157894736842, 0.5, 0.5238095238095238, 0.5, 0.5217391304347826, 0.5416666666666666, 0.52, 0.5384615384615384, 0.5185185185185185, 0.5, 0.4827586206896552, 0.4666666666666667, 0.45161290322580644, 0.46875, 0.48484848484848486, 0.5, 0.4857142857142857, 0.4722222222222222, 0.4864864864864865, 0.47368421052631576, 0.46153846153846156, 0.475, 0.4878048780487805, 0.47619047619047616, 0.4883720930232558, 0.5, 0.5111111111111111, 0.5217391304347826, 0.5319148936170213, 0.5416666666666666, 0.5306122448979592, 0.54]"
tDCS_1_load_1,F3,Female,"['B', 'R', 'B', 'R', 'B', 'R', 'B', 'R', 'B', 'R', 'A', 'R', 'B', 'R', 'B', 'R', 'B', 'A', 'B', 'A', 'R', 'B', 'R', 'B', 'B', 'B', 'R', 'B', 'B', 'R', 'B', 'B', 'B', 'B', 'B', 'B', 'B', 'B', 'R', 'B', 'R', 'B', 'B', 'B', 'R', 'R', 'B', 'B', 'B', 'B']","[2.933, 2.417, 2.911, 2.569, 3.37, 2.553, 2.439, 2.97, 2.082, 2.619, 1.482, 3.31, 2.472, 1.599, 2.514, 2.187, 3.271, 3.378, 2.681, 2.677, 2.94, 2.676, 2.33, 3.755, 2.84, 3.218, 2.531, 1.949, 2.563, 3.192, 2.871, 3.057, 2.826, 3.449, 2.562, 2.074, 3.006, 3.144, 2.262, 2.842, 2.646, 2.194, 3.56, 3.416, 2.329, 2.821, 3.83, 2.431, 2.956, 3.176]","[1, 0, 1, 0, 1, 0, 1, 0, 1, 0, 0, 0, 1, 0, 1, 0, 1, 0, 1, 0, 0, 1, 0, 1, 1, 1, 0, 1, 1, 0, 1, 1, 1, 1, 1, 1, 1, 1, 0, 1, 0, 1, 1, 1, 0, 0, 1, 1, 1, 1]","[0, 1, 0, 1, 0, 1, 0, 1, 0, 1, 0, 1, 0, 1, 0, 1, 0, 0, 0, 0, 1, 0, 1, 0, 0, 0, 1, 0, 0, 1, 0, 0, 0, 0, 0, 0, 0, 0, 1, 0, 1, 0, 0, 0, 1, 1, 0, 0, 0, 0]","[0, 0, 0, 0, 0, 0, 0, 0, 0, 0, 1, 0, 1, 0, 0, 0, 0, 1, 1, 1, 0, 1, 0, 0, 0, 0, 0, 0, 0, 0, 0, 0, 0, 0, 0, 0, 0, 0, 0, 0, 0, 0, 0, 0, 0, 0, 0, 0, 0, 0]","[1.0, 0.5, 0.6666666666666666, 0.5, 0.6, 0.5, 0.5714285714285714, 0.5, 0.5555555555555556, 0.5, 0.45454545454545453, 0.4166666666666667, 0.46153846153846156, 0.42857142857142855, 0.4666666666666667, 0.4375, 0.47058823529411764, 0.4444444444444444, 0.47368421052631576, 0.45, 0.42857142857142855, 0.45454545454545453, 0.43478260869565216, 0.4583333333333333, 0.48, 0.5, 0.48148148148148145, 0.5, 0.5172413793103449, 0.5, 0.5161290322580645, 0.53125, 0.5454545454545454, 0.5588235294117647, 0.5714285714285714, 0.5833333333333334, 0.5945945945945946, 0.6052631578947368, 0.5897435897435898, 0.6, 0.5853658536585366, 0.5952380952380952, 0.6046511627906976, 0.6136363636363636, 0.6, 0.5869565217391305, 0.5957446808510638, 0.6041666666666666, 0.6122448979591837, 0.62]","[0.0, 0.5, 0.3333333333333333, 0.5, 0.4, 0.5, 0.42857142857142855, 0.5, 0.4444444444444444, 0.5, 0.45454545454545453, 0.5, 0.46153846153846156, 0.5, 0.4666666666666667, 0.5, 0.47058823529411764, 0.4444444444444444, 0.42105263157894735, 0.4, 0.42857142857142855, 0.4090909090909091, 0.43478260869565216, 0.4166666666666667, 0.4, 0.38461538461538464, 0.4074074074074074, 0.39285714285714285, 0.3793103448275862, 0.4, 0.3870967741935484, 0.375, 0.36363636363636365, 0.35294117647058826, 0.34285714285714286, 0.3333333333333333, 0.32432432432432434, 0.3157894736842105, 0.3333333333333333, 0.325, 0.34146341463414637, 0.3333333333333333, 0.32558139534883723, 0.3181818181818182, 0.3333333333333333, 0.34782608695652173, 0.3404255319148936, 0.3333333333333333, 0.32653061224489793, 0.32]","[0.0, 0.0, 0.0, 0.0, 0.0, 0.0, 0.0, 0.0, 0.0, 0.0, 0.09090909090909091, 0.08333333333333333, 0.15384615384615385, 0.14285714285714285, 0.13333333333333333, 0.125, 0.11764705882352941, 0.16666666666666666, 0.21052631578947367, 0.25, 0.23809523809523808, 0.2727272727272727, 0.2608695652173913, 0.25, 0.24, 0.23076923076923078, 0.2222222222222222, 0.21428571428571427, 0.20689655172413793, 0.2, 0.1935483870967742, 0.1875, 0.18181818181818182, 0.17647058823529413, 0.17142857142857143, 0.16666666666666666, 0.16216216216216217, 0.15789473684210525, 0.15384615384615385, 0.15, 0.14634146341463414, 0.14285714285714285, 0.13953488372093023, 0.13636363636363635, 0.13333333333333333, 0.13043478260869565, 0.1276595744680851, 0.125, 0.12244897959183673, 0.12]"
tDCS_1_load_1,F9,Female,"['R', 'B', 'R', 'B', 'R', 'A', 'R', 'B', 'R', 'B', 'R', 'B', 'B', 'B', 'B', 'B', 'R', 'R', 'B', 'R', 'B', 'B', 'R', 'R', 'B', 'B', 'B', 'B', 'R', 'B', 'B', 'B', 'R', 'R', 'B', 'R', 'R', 'R', 'B', 'R', 'B', 'R', 'B', 'B', 'B', 'B', 'R', 'R', 'B', 'B']","[2.217, 2.735, 3.373, 3.597, 2.741, 3.055, 3.57, 2.86, 3.27, 2.637, 2.856, 1.692, 3.849, 2.484, 2.833, 3.535, 3.856, 2.999, 3.569, 3.0, 3.128, 1.801, 2.344, 3.212, 2.633, 1.683, 2.683, 2.48, 2.655, 2.821, 2.657, 3.01, 2.834, 2.324, 2.637, 2.497, 2.899, 1.905, 3.063, 3.399, 3.608, 2.8, 2.866, 2.292, 2.808, 3.034, 2.372, 3.646, 2.694, 1.766]","[0, 1, 0, 1, 0, 0, 0, 1, 0, 1, 0, 1, 1, 1, 1, 1, 0, 0, 1, 0, 1, 1, 0, 0, 1, 1, 1, 1, 0, 1, 1, 1, 0, 0, 1, 0, 0, 0, 1, 0, 1, 0, 1, 1, 1, 1, 0, 0, 1, 1]","[1, 0, 1, 0, 1, 0, 1, 0, 1, 0, 1, 0, 0, 0, 0, 0, 1, 1, 0, 1, 0, 0, 1, 1, 0, 0, 0, 0, 1, 0, 0, 0, 1, 1, 0, 1, 1, 1, 0, 1, 0, 1, 0, 0, 0, 0, 1, 1, 0, 0]","[0, 0, 0, 0, 0, 1, 0, 1, 0, 0, 0, 0, 0, 0, 0, 0, 0, 0, 0, 0, 0, 0, 0, 0, 0, 0, 0, 0, 0, 0, 0, 0, 0, 0, 0, 0, 0, 0, 0, 0, 0, 0, 0, 0, 0, 0, 0, 0, 0, 0]","[0.0, 0.5, 0.3333333333333333, 0.5, 0.4, 0.3333333333333333, 0.2857142857142857, 0.375, 0.3333333333333333, 0.4, 0.36363636363636365, 0.4166666666666667, 0.46153846153846156, 0.5, 0.5333333333333333, 0.5625, 0.5294117647058824, 0.5, 0.5263157894736842, 0.5, 0.5238095238095238, 0.5454545454545454, 0.5217391304347826, 0.5, 0.52, 0.5384615384615384, 0.5555555555555556, 0.5714285714285714, 0.5517241379310345, 0.5666666666666667, 0.5806451612903226, 0.59375, 0.5757575757575758, 0.5588235294117647, 0.5714285714285714, 0.5555555555555556, 0.5405405405405406, 0.5263157894736842, 0.5384615384615384, 0.525, 0.5365853658536586, 0.5238095238095238, 0.5348837209302325, 0.5454545454545454, 0.5555555555555556, 0.5652173913043478, 0.5531914893617021, 0.5416666666666666, 0.5510204081632653, 0.56]","[1.0, 0.5, 0.6666666666666666, 0.5, 0.6, 0.5, 0.5714285714285714, 0.5, 0.5555555555555556, 0.5, 0.5454545454545454, 0.5, 0.46153846153846156, 0.42857142857142855, 0.4, 0.375, 0.4117647058823529, 0.4444444444444444, 0.42105263157894735, 0.45, 0.42857142857142855, 0.4090909090909091, 0.43478260869565216, 0.4583333333333333, 0.44, 0.4230769230769231, 0.4074074074074074, 0.39285714285714285, 0.41379310344827586, 0.4, 0.3870967741935484, 0.375, 0.3939393939393939, 0.4117647058823529, 0.4, 0.4166666666666667, 0.43243243243243246, 0.4473684210526316, 0.4358974358974359, 0.45, 0.43902439024390244, 0.4523809523809524, 0.4418604651162791, 0.4318181818181818, 0.4222222222222222, 0.41304347826086957, 0.425531914893617, 0.4375, 0.42857142857142855, 0.42]","[0.0, 0.0, 0.0, 0.0, 0.0, 0.16666666666666666, 0.14285714285714285, 0.25, 0.2222222222222222, 0.2, 0.18181818181818182, 0.16666666666666666, 0.15384615384615385, 0.14285714285714285, 0.13333333333333333, 0.125, 0.11764705882352941, 0.1111111111111111, 0.10526315789473684, 0.1, 0.09523809523809523, 0.09090909090909091, 0.08695652173913043, 0.08333333333333333, 0.08, 0.07692307692307693, 0.07407407407407407, 0.07142857142857142, 0.06896551724137931, 0.06666666666666667, 0.06451612903225806, 0.0625, 0.06060606060606061, 0.058823529411764705, 0.05714285714285714, 0.05555555555555555, 0.05405405405405406, 0.05263157894736842, 0.05128205128205128, 0.05, 0.04878048780487805, 0.047619047619047616, 0.046511627906976744, 0.045454545454545456, 0.044444444444444446, 0.043478260869565216, 0.0425531914893617, 0.041666666666666664, 0.04081632653061224, 0.04]"
tDCS_1_load_1,M11,Male,"['B', 'R', 'B', 'R', 'B', 'R', 'B', 'R', 'B', 'R', 'B', 'R', 'B', 'R', 'B', 'B', 'B', 'B', 'B', 'B', 'B', 'R', 'B', 'B', 'B', 'B', 'A', 'R', 'R', 'B', 'A', 'B', 'R', 'B', 'B', 'B', 'B', 'R', 'A', 'R', 'B', 'R', 'B', 'R', 'R', 'B', 'B', 'B', 'B', 'B']","[3.526, 2.832, 3.991, 3.635, 2.291, 3.561, 2.946, 2.979, 2.46, 2.163, 2.602, 3.84, 3.45, 3.512, 2.863, 3.45, 3.494, 2.616, 2.46, 2.468, 2.629, 2.619, 2.611, 3.477, 3.006, 2.689, 2.405, 3.903, 2.567, 2.976, 1.922, 2.715, 2.011, 3.036, 2.549, 2.891, 2.942, 3.207, 3.582, 2.457, 2.324, 2.664, 2.379, 3.085, 2.175, 2.946, 2.159, 2.998, 2.549, 3.388]","[1, 0, 1, 0, 1, 0, 1, 0, 1, 0, 1, 0, 1, 0, 1, 1, 1, 1, 1, 1, 1, 0, 1, 1, 1, 1, 0, 0, 0, 1, 0, 1, 0, 1, 1, 1, 1, 0, 0, 0, 1, 0, 1, 0, 0, 1, 1, 1, 1, 1]","[0, 1, 0, 1, 0, 1, 0, 1, 0, 1, 0, 1, 0, 1, 0, 0, 0, 0, 0, 0, 0, 1, 0, 0, 0, 0, 0, 1, 1, 0, 0, 0, 1, 0, 0, 0, 0, 1, 0, 1, 0, 1, 0, 1, 1, 0, 0, 0, 0, 0]","[0, 0, 0, 0, 0, 0, 0, 0, 0, 0, 0, 0, 0, 0, 0, 0, 0, 0, 0, 0, 0, 0, 0, 0, 0, 0, 1, 0, 0, 1, 1, 1, 0, 0, 0, 0, 0, 0, 1, 0, 1, 0, 0, 0, 0, 0, 0, 0, 0, 0]","[1.0, 0.5, 0.6666666666666666, 0.5, 0.6, 0.5, 0.5714285714285714, 0.5, 0.5555555555555556, 0.5, 0.5454545454545454, 0.5, 0.5384615384615384, 0.5, 0.5333333333333333, 0.5625, 0.5882352941176471, 0.6111111111111112, 0.631578947368421, 0.65, 0.6666666666666666, 0.6363636363636364, 0.6521739130434783, 0.6666666666666666, 0.68, 0.6923076923076923, 0.6666666666666666, 0.6428571428571429, 0.6206896551724138, 0.6333333333333333, 0.6129032258064516, 0.625, 0.6060606060606061, 0.6176470588235294, 0.6285714285714286, 0.6388888888888888, 0.6486486486486487, 0.631578947368421, 0.6153846153846154, 0.6, 0.6097560975609756, 0.5952380952380952, 0.6046511627906976, 0.5909090909090909, 0.5777777777777777, 0.5869565217391305, 0.5957446808510638, 0.6041666666666666, 0.6122448979591837, 0.62]","[0.0, 0.5, 0.3333333333333333, 0.5, 0.4, 0.5, 0.42857142857142855, 0.5, 0.4444444444444444, 0.5, 0.45454545454545453, 0.5, 0.46153846153846156, 0.5, 0.4666666666666667, 0.4375, 0.4117647058823529, 0.3888888888888889, 0.3684210526315789, 0.35, 0.3333333333333333, 0.36363636363636365, 0.34782608695652173, 0.3333333333333333, 0.32, 0.3076923076923077, 0.2962962962962963, 0.32142857142857145, 0.3448275862068966, 0.3333333333333333, 0.3225806451612903, 0.3125, 0.3333333333333333, 0.3235294117647059, 0.3142857142857143, 0.3055555555555556, 0.2972972972972973, 0.3157894736842105, 0.3076923076923077, 0.325, 0.3170731707317073, 0.3333333333333333, 0.32558139534883723, 0.3409090909090909, 0.35555555555555557, 0.34782608695652173, 0.3404255319148936, 0.3333333333333333, 0.32653061224489793, 0.32]","[0.0, 0.0, 0.0, 0.0, 0.0, 0.0, 0.0, 0.0, 0.0, 0.0, 0.0, 0.0, 0.0, 0.0, 0.0, 0.0, 0.0, 0.0, 0.0, 0.0, 0.0, 0.0, 0.0, 0.0, 0.0, 0.0, 0.037037037037037035, 0.03571428571428571, 0.034482758620689655, 0.06666666666666667, 0.0967741935483871, 0.125, 0.12121212121212122, 0.11764705882352941, 0.11428571428571428, 0.1111111111111111, 0.10810810810810811, 0.10526315789473684, 0.1282051282051282, 0.125, 0.14634146341463414, 0.14285714285714285, 0.13953488372093023, 0.13636363636363635, 0.13333333333333333, 0.13043478260869565, 0.1276595744680851, 0.125, 0.12244897959183673, 0.12]"
tDCS_1_load_1,M13,Male,"['B', 'R', 'B', 'A', 'B', 'R', 'A', 'R', 'B', 'B', 'R', 'R', 'B', 'R', 'B', 'B', 'R', 'R', 'R', 'B', 'R', 'R', 'R', 'B', 'R', 'B', 'B', 'B', 'B', 'B', 'B', 'B', 'B', 'B', 'B', 'R', 'R', 'R', 'R', 'B', 'B', 'B', 'B', 'R', 'B', 'B', 'B', 'B', 'R', 'R']","[2.496, 1.524, 2.247, 2.977, 2.522, 2.899, 2.087, 2.618, 2.449, 3.556, 2.612, 2.883, 2.923, 3.226, 3.188, 3.09, 3.098, 3.04, 3.005, 3.41, 3.373, 2.691, 2.547, 2.889, 3.368, 2.451, 2.429, 2.306, 2.534, 2.129, 3.966, 2.536, 3.113, 3.318, 4.052, 2.525, 2.751, 2.747, 1.879, 2.76, 2.442, 2.356, 2.798, 2.28, 2.827, 2.337, 3.052, 3.563, 2.362, 2.378]","[1, 0, 1, 0, 1, 0, 0, 0, 1, 1, 0, 0, 1, 0, 1, 1, 0, 0, 0, 1, 0, 0, 0, 1, 0, 1, 1, 1, 1, 1, 1, 1, 1, 1, 1, 0, 0, 0, 0, 1, 1, 1, 1, 0, 1, 1, 1, 1, 0, 0]","[0, 1, 0, 0, 0, 1, 0, 1, 0, 0, 1, 1, 0, 1, 0, 0, 1, 1, 1, 0, 1, 1, 1, 0, 1, 0, 0, 0, 0, 0, 0, 0, 0, 0, 0, 1, 1, 1, 1, 0, 0, 0, 0, 1, 0, 0, 0, 0, 1, 1]","[0, 0, 0, 1, 1, 0, 1, 0, 1, 0, 0, 0, 0, 0, 0, 0, 0, 0, 0, 0, 0, 0, 0, 0, 0, 0, 0, 0, 0, 0, 0, 0, 0, 0, 0, 0, 0, 0, 0, 0, 0, 0, 0, 0, 0, 0, 0, 0, 0, 0]","[1.0, 0.5, 0.6666666666666666, 0.5, 0.6, 0.5, 0.42857142857142855, 0.375, 0.4444444444444444, 0.5, 0.45454545454545453, 0.4166666666666667, 0.46153846153846156, 0.42857142857142855, 0.4666666666666667, 0.5, 0.47058823529411764, 0.4444444444444444, 0.42105263157894735, 0.45, 0.42857142857142855, 0.4090909090909091, 0.391304347826087, 0.4166666666666667, 0.4, 0.4230769230769231, 0.4444444444444444, 0.4642857142857143, 0.4827586206896552, 0.5, 0.5161290322580645, 0.53125, 0.5454545454545454, 0.5588235294117647, 0.5714285714285714, 0.5555555555555556, 0.5405405405405406, 0.5263157894736842, 0.5128205128205128, 0.525, 0.5365853658536586, 0.5476190476190477, 0.5581395348837209, 0.5454545454545454, 0.5555555555555556, 0.5652173913043478, 0.574468085106383, 0.5833333333333334, 0.5714285714285714, 0.56]","[0.0, 0.5, 0.3333333333333333, 0.25, 0.2, 0.3333333333333333, 0.2857142857142857, 0.375, 0.3333333333333333, 0.3, 0.36363636363636365, 0.4166666666666667, 0.38461538461538464, 0.42857142857142855, 0.4, 0.375, 0.4117647058823529, 0.4444444444444444, 0.47368421052631576, 0.45, 0.47619047619047616, 0.5, 0.5217391304347826, 0.5, 0.52, 0.5, 0.48148148148148145, 0.4642857142857143, 0.4482758620689655, 0.43333333333333335, 0.41935483870967744, 0.40625, 0.3939393939393939, 0.38235294117647056, 0.37142857142857144, 0.3888888888888889, 0.40540540540540543, 0.42105263157894735, 0.4358974358974359, 0.425, 0.4146341463414634, 0.40476190476190477, 0.3953488372093023, 0.4090909090909091, 0.4, 0.391304347826087, 0.3829787234042553, 0.375, 0.3877551020408163, 0.4]","[0.0, 0.0, 0.0, 0.25, 0.4, 0.3333333333333333, 0.42857142857142855, 0.375, 0.4444444444444444, 0.4, 0.36363636363636365, 0.3333333333333333, 0.3076923076923077, 0.2857142857142857, 0.26666666666666666, 0.25, 0.23529411764705882, 0.2222222222222222, 0.21052631578947367, 0.2, 0.19047619047619047, 0.18181818181818182, 0.17391304347826086, 0.16666666666666666, 0.16, 0.15384615384615385, 0.14814814814814814, 0.14285714285714285, 0.13793103448275862, 0.13333333333333333, 0.12903225806451613, 0.125, 0.12121212121212122, 0.11764705882352941, 0.11428571428571428, 0.1111111111111111, 0.10810810810810811, 0.10526315789473684, 0.10256410256410256, 0.1, 0.0975609756097561, 0.09523809523809523, 0.09302325581395349, 0.09090909090909091, 0.08888888888888889, 0.08695652173913043, 0.0851063829787234, 0.08333333333333333, 0.08163265306122448, 0.08]"
tDCS_1_load_1,M14,Male,"['A', 'B', 'R', 'B', 'R', 'B', 'A', 'B', 'B', 'R', 'R', 'A', 'B', 'R', 'R', 'B', 'R', 'R', 'B', 'R', 'B', 'R', 'B', 'B', 'B', 'B', 'B', 'B', 'B', 'R', 'B', 'B', 'B', 'R', 'R', 'R', 'R', 'B', 'B', 'R', 'B', 'R', 'B', 'B', 'R', 'B', 'B', 'R', 'R', 'B']","[1.628, 2.942, 2.373, 3.154, 3.135, 3.49, 3.416, 2.213, 2.126, 2.514, 3.004, 2.463, 3.398, 3.37, 2.817, 2.735, 3.466, 2.286, 2.45, 2.252, 2.188, 2.752, 2.91, 3.436, 2.645, 2.279, 3.039, 3.509, 3.006, 2.025, 2.506, 3.575, 2.934, 2.837, 2.892, 3.464, 2.695, 2.635, 3.287, 2.928, 3.329, 2.035, 3.152, 3.176, 3.411, 3.69, 2.999, 2.619, 2.571, 3.519]","[0, 1, 0, 1, 0, 1, 0, 1, 1, 0, 0, 0, 1, 0, 0, 1, 0, 0, 1, 0, 1, 0, 1, 1, 1, 1, 1, 1, 1, 0, 1, 1, 1, 0, 0, 0, 0, 1, 1, 0, 1, 0, 1, 1, 0, 1, 1, 0, 0, 1]","[0, 0, 1, 0, 1, 0, 0, 0, 0, 1, 1, 0, 0, 1, 1, 0, 1, 1, 0, 1, 0, 1, 0, 0, 0, 0, 0, 0, 0, 1, 0, 0, 0, 1, 1, 1, 1, 0, 0, 1, 0, 1, 0, 0, 1, 0, 0, 1, 1, 0]","[0, 1, 0, 0, 0, 0, 1, 1, 0, 0, 0, 1, 1, 0, 0, 0, 0, 0, 0, 0, 0, 0, 0, 0, 0, 0, 0, 0, 0, 0, 0, 0, 0, 0, 0, 0, 0, 0, 0, 0, 0, 0, 0, 0, 0, 0, 0, 0, 0, 0]","[0.0, 0.5, 0.3333333333333333, 0.5, 0.4, 0.5, 0.42857142857142855, 0.5, 0.5555555555555556, 0.5, 0.45454545454545453, 0.4166666666666667, 0.46153846153846156, 0.42857142857142855, 0.4, 0.4375, 0.4117647058823529, 0.3888888888888889, 0.42105263157894735, 0.4, 0.42857142857142855, 0.4090909090909091, 0.43478260869565216, 0.4583333333333333, 0.48, 0.5, 0.5185185185185185, 0.5357142857142857, 0.5517241379310345, 0.5333333333333333, 0.5483870967741935, 0.5625, 0.5757575757575758, 0.5588235294117647, 0.5428571428571428, 0.5277777777777778, 0.5135135135135135, 0.5263157894736842, 0.5384615384615384, 0.525, 0.5365853658536586, 0.5238095238095238, 0.5348837209302325, 0.5454545454545454, 0.5333333333333333, 0.5434782608695652, 0.5531914893617021, 0.5416666666666666, 0.5306122448979592, 0.54]","[0.0, 0.0, 0.3333333333333333, 0.25, 0.4, 0.3333333333333333, 0.2857142857142857, 0.25, 0.2222222222222222, 0.3, 0.36363636363636365, 0.3333333333333333, 0.3076923076923077, 0.35714285714285715, 0.4, 0.375, 0.4117647058823529, 0.4444444444444444, 0.42105263157894735, 0.45, 0.42857142857142855, 0.45454545454545453, 0.43478260869565216, 0.4166666666666667, 0.4, 0.38461538461538464, 0.37037037037037035, 0.35714285714285715, 0.3448275862068966, 0.36666666666666664, 0.3548387096774194, 0.34375, 0.3333333333333333, 0.35294117647058826, 0.37142857142857144, 0.3888888888888889, 0.40540540540540543, 0.39473684210526316, 0.38461538461538464, 0.4, 0.3902439024390244, 0.40476190476190477, 0.3953488372093023, 0.38636363636363635, 0.4, 0.391304347826087, 0.3829787234042553, 0.3958333333333333, 0.40816326530612246, 0.4]","[0.0, 0.5, 0.3333333333333333, 0.25, 0.2, 0.16666666666666666, 0.2857142857142857, 0.375, 0.3333333333333333, 0.3, 0.2727272727272727, 0.3333333333333333, 0.38461538461538464, 0.35714285714285715, 0.3333333333333333, 0.3125, 0.29411764705882354, 0.2777777777777778, 0.2631578947368421, 0.25, 0.23809523809523808, 0.22727272727272727, 0.21739130434782608, 0.20833333333333334, 0.2, 0.19230769230769232, 0.18518518518518517, 0.17857142857142858, 0.1724137931034483, 0.16666666666666666, 0.16129032258064516, 0.15625, 0.15151515151515152, 0.14705882352941177, 0.14285714285714285, 0.1388888888888889, 0.13513513513513514, 0.13157894736842105, 0.1282051282051282, 0.125, 0.12195121951219512, 0.11904761904761904, 0.11627906976744186, 0.11363636363636363, 0.1111111111111111, 0.10869565217391304, 0.10638297872340426, 0.10416666666666667, 0.10204081632653061, 0.1]"
tDCS_1_load_1,M16,Male,"['R', 'B', 'R', 'B', 'R', 'B', 'R', 'B', 'R', 'B', 'R', 'B', 'R', 'B', 'R', 'B', 'B', 'B', 'B', 'R', 'B', 'R', 'B', 'B', 'R', 'B', 'A', 'R', 'R', 'B', 'B', 'B', 'B', 'B', 'B', 'R', 'R', 'B', 'B', 'R', 'R', 'B', 'B', 'R', 'B', 'B', 'B', 'B', 'B', 'R']","[2.702, 2.578, 4.199, 2.457, 3.504, 2.973, 2.922, 2.029, 3.516, 2.604, 2.179, 3.323, 2.541, 2.747, 2.904, 2.506, 3.473, 2.766, 2.086, 2.267, 2.547, 2.591, 2.925, 3.3, 3.138, 2.718, 2.752, 2.828, 3.043, 2.174, 2.575, 2.87, 3.137, 2.446, 3.036, 2.506, 2.12, 2.57, 2.976, 3.128, 3.066, 2.909, 2.966, 1.783, 3.005, 3.222, 3.105, 3.37, 3.128, 3.83]","[0, 1, 0, 1, 0, 1, 0, 1, 0, 1, 0, 1, 0, 1, 0, 1, 1, 1, 1, 0, 1, 0, 1, 1, 0, 1, 0, 0, 0, 1, 1, 1, 1, 1, 1, 0, 0, 1, 1, 0, 0, 1, 1, 0, 1, 1, 1, 1, 1, 0]","[1, 0, 1, 0, 1, 0, 1, 0, 1, 0, 1, 0, 1, 0, 1, 0, 0, 0, 0, 1, 0, 1, 0, 0, 1, 0, 0, 1, 1, 0, 0, 0, 0, 0, 0, 1, 1, 0, 0, 1, 1, 0, 0, 1, 0, 0, 0, 0, 0, 1]","[0, 0, 0, 0, 0, 0, 0, 0, 0, 0, 0, 0, 0, 0, 0, 0, 0, 0, 0, 0, 0, 0, 0, 0, 0, 0, 1, 0, 0, 1, 0, 0, 0, 0, 0, 0, 0, 0, 0, 0, 0, 0, 0, 0, 0, 0, 0, 0, 0, 0]","[0.0, 0.5, 0.3333333333333333, 0.5, 0.4, 0.5, 0.42857142857142855, 0.5, 0.4444444444444444, 0.5, 0.45454545454545453, 0.5, 0.46153846153846156, 0.5, 0.4666666666666667, 0.5, 0.5294117647058824, 0.5555555555555556, 0.5789473684210527, 0.55, 0.5714285714285714, 0.5454545454545454, 0.5652173913043478, 0.5833333333333334, 0.56, 0.5769230769230769, 0.5555555555555556, 0.5357142857142857, 0.5172413793103449, 0.5333333333333333, 0.5483870967741935, 0.5625, 0.5757575757575758, 0.5882352941176471, 0.6, 0.5833333333333334, 0.5675675675675675, 0.5789473684210527, 0.5897435897435898, 0.575, 0.5609756097560976, 0.5714285714285714, 0.5813953488372093, 0.5681818181818182, 0.5777777777777777, 0.5869565217391305, 0.5957446808510638, 0.6041666666666666, 0.6122448979591837, 0.6]","[1.0, 0.5, 0.6666666666666666, 0.5, 0.6, 0.5, 0.5714285714285714, 0.5, 0.5555555555555556, 0.5, 0.5454545454545454, 0.5, 0.5384615384615384, 0.5, 0.5333333333333333, 0.5, 0.47058823529411764, 0.4444444444444444, 0.42105263157894735, 0.45, 0.42857142857142855, 0.45454545454545453, 0.43478260869565216, 0.4166666666666667, 0.44, 0.4230769230769231, 0.4074074074074074, 0.42857142857142855, 0.4482758620689655, 0.43333333333333335, 0.41935483870967744, 0.40625, 0.3939393939393939, 0.38235294117647056, 0.37142857142857144, 0.3888888888888889, 0.40540540540540543, 0.39473684210526316, 0.38461538461538464, 0.4, 0.4146341463414634, 0.40476190476190477, 0.3953488372093023, 0.4090909090909091, 0.4, 0.391304347826087, 0.3829787234042553, 0.375, 0.3673469387755102, 0.38]","[0.0, 0.0, 0.0, 0.0, 0.0, 0.0, 0.0, 0.0, 0.0, 0.0, 0.0, 0.0, 0.0, 0.0, 0.0, 0.0, 0.0, 0.0, 0.0, 0.0, 0.0, 0.0, 0.0, 0.0, 0.0, 0.0, 0.037037037037037035, 0.03571428571428571, 0.034482758620689655, 0.06666666666666667, 0.06451612903225806, 0.0625, 0.06060606060606061, 0.058823529411764705, 0.05714285714285714, 0.05555555555555555, 0.05405405405405406, 0.05263157894736842, 0.05128205128205128, 0.05, 0.04878048780487805, 0.047619047619047616, 0.046511627906976744, 0.045454545454545456, 0.044444444444444446, 0.043478260869565216, 0.0425531914893617, 0.041666666666666664, 0.04081632653061224, 0.04]"
tDCS_1_load_1,M11,Male,"['R', 'B', 'R', 'B', 'R', 'R', 'B', 'R', 'R', 'B', 'B', 'R', 'R', 'B', 'B', 'B', 'B', 'A', 'R', 'A', 'B', 'R', 'R', 'B', 'R', 'B', 'B', 'B', 'R', 'B', 'B', 'R', 'A', 'R', 'R', 'R', 'R', 'B', 'B', 'B', 'R', 'B', 'R', 'R', 'B', 'B', 'B', 'R', 'B', 'B']","[2.124, 2.924, 2.86, 3.151, 2.43, 2.9, 3.803, 2.339, 3.011, 3.185, 1.166, 2.737, 2.568, 2.727, 2.856, 3.156, 2.681, 3.226, 3.432, 2.845, 2.746, 2.66, 1.979, 3.467, 2.0, 3.145, 3.072, 2.655, 2.655, 2.539, 2.697, 2.906, 3.289, 3.934, 2.882, 2.817, 3.134, 1.708, 3.616, 2.422, 2.502, 3.087, 2.221, 3.998, 2.871, 3.389, 2.342, 3.271, 1.897, 3.056]","[0, 1, 0, 1, 0, 0, 1, 0, 0, 1, 1, 0, 0, 1, 1, 1, 1, 0, 0, 0, 1, 0, 0, 1, 0, 1, 1, 1, 0, 1, 1, 0, 0, 0, 0, 0, 0, 1, 1, 1, 0, 1, 0, 0, 1, 1, 1, 0, 1, 1]","[1, 0, 1, 0, 1, 1, 0, 1, 1, 0, 0, 1, 1, 0, 0, 0, 0, 0, 1, 0, 0, 1, 1, 0, 1, 0, 0, 0, 1, 0, 0, 1, 0, 1, 1, 1, 1, 0, 0, 0, 1, 0, 1, 1, 0, 0, 0, 1, 0, 0]","[0, 0, 0, 0, 0, 0, 0, 0, 0, 0, 0, 0, 0, 0, 0, 0, 0, 1, 0, 0, 1, 0, 0, 0, 0, 0, 0, 0, 0, 0, 0, 0, 1, 0, 0, 0, 0, 1, 0, 0, 0, 0, 0, 0, 0, 0, 0, 0, 0, 0]","[0.0, 0.5, 0.3333333333333333, 0.5, 0.4, 0.3333333333333333, 0.42857142857142855, 0.375, 0.3333333333333333, 0.4, 0.45454545454545453, 0.4166666666666667, 0.38461538461538464, 0.42857142857142855, 0.4666666666666667, 0.5, 0.5294117647058824, 0.5, 0.47368421052631576, 0.45, 0.47619047619047616, 0.45454545454545453, 0.43478260869565216, 0.4583333333333333, 0.44, 0.46153846153846156, 0.48148148148148145, 0.5, 0.4827586206896552, 0.5, 0.5161290322580645, 0.5, 0.48484848484848486, 0.47058823529411764, 0.45714285714285713, 0.4444444444444444, 0.43243243243243246, 0.4473684210526316, 0.46153846153846156, 0.475, 0.4634146341463415, 0.47619047619047616, 0.46511627906976744, 0.45454545454545453, 0.4666666666666667, 0.4782608695652174, 0.48936170212765956, 0.4791666666666667, 0.4897959183673469, 0.5]","[1.0, 0.5, 0.6666666666666666, 0.5, 0.6, 0.6666666666666666, 0.5714285714285714, 0.625, 0.6666666666666666, 0.6, 0.5454545454545454, 0.5833333333333334, 0.6153846153846154, 0.5714285714285714, 0.5333333333333333, 0.5, 0.47058823529411764, 0.4444444444444444, 0.47368421052631576, 0.45, 0.42857142857142855, 0.45454545454545453, 0.4782608695652174, 0.4583333333333333, 0.48, 0.46153846153846156, 0.4444444444444444, 0.42857142857142855, 0.4482758620689655, 0.43333333333333335, 0.41935483870967744, 0.4375, 0.42424242424242425, 0.4411764705882353, 0.45714285714285713, 0.4722222222222222, 0.4864864864864865, 0.47368421052631576, 0.46153846153846156, 0.45, 0.4634146341463415, 0.4523809523809524, 0.46511627906976744, 0.4772727272727273, 0.4666666666666667, 0.45652173913043476, 0.44680851063829785, 0.4583333333333333, 0.4489795918367347, 0.44]","[0.0, 0.0, 0.0, 0.0, 0.0, 0.0, 0.0, 0.0, 0.0, 0.0, 0.0, 0.0, 0.0, 0.0, 0.0, 0.0, 0.0, 0.05555555555555555, 0.05263157894736842, 0.05, 0.09523809523809523, 0.09090909090909091, 0.08695652173913043, 0.08333333333333333, 0.08, 0.07692307692307693, 0.07407407407407407, 0.07142857142857142, 0.06896551724137931, 0.06666666666666667, 0.06451612903225806, 0.0625, 0.09090909090909091, 0.08823529411764706, 0.08571428571428572, 0.08333333333333333, 0.08108108108108109, 0.10526315789473684, 0.10256410256410256, 0.1, 0.0975609756097561, 0.09523809523809523, 0.09302325581395349, 0.09090909090909091, 0.08888888888888889, 0.08695652173913043, 0.0851063829787234, 0.08333333333333333, 0.08163265306122448, 0.08]"
tDCS_1_load_1,M1O,Male,"['B', 'R', 'B', 'R', 'B', 'R', 'B', 'R', 'B', 'B', 'B', 'A', 'R', 'R', 'R', 'R', 'B', 'B', 'B', 'B', 'R', 'A', 'B', 'B', 'R', 'R', 'A', 'R', 'B', 'B', 'R', 'B', 'R', 'R', 'B', 'R', 'B', 'B', 'A', 'B', 'R', 'B', 'R', 'B', 'B', 'R', 'B', 'B', 'A', 'B']","[1.466, 2.973, 2.344, 3.27, 3.033, 1.525, 3.33, 2.628, 2.048, 2.509, 3.924, 3.593, 2.0, 2.965, 2.739, 3.203, 2.934, 2.975, 3.158, 2.646, 2.631, 2.205, 2.66, 2.499, 2.952, 3.223, 3.418, 3.375, 2.809, 2.868, 3.043, 3.631, 3.285, 2.682, 2.883, 2.15, 2.972, 3.57, 2.753, 2.601, 3.199, 3.23, 3.301, 1.883, 3.165, 2.533, 2.007, 3.7, 2.892, 2.651]","[1, 0, 1, 0, 1, 0, 1, 0, 1, 1, 1, 0, 0, 0, 0, 0, 1, 1, 1, 1, 0, 0, 1, 1, 0, 0, 0, 0, 1, 1, 0, 1, 0, 0, 1, 0, 1, 1, 0, 1, 0, 1, 0, 1, 1, 0, 1, 1, 0, 1]","[0, 1, 0, 1, 0, 1, 0, 1, 0, 0, 0, 0, 1, 1, 1, 1, 0, 0, 0, 0, 1, 0, 0, 0, 1, 1, 0, 1, 0, 0, 1, 0, 1, 1, 0, 1, 0, 0, 0, 0, 1, 0, 1, 0, 0, 1, 0, 0, 0, 0]","[0, 0, 0, 0, 0, 0, 0, 0, 0, 0, 0, 1, 0, 0, 0, 0, 1, 0, 0, 0, 0, 1, 1, 0, 0, 0, 1, 0, 1, 0, 0, 0, 0, 0, 0, 0, 0, 0, 1, 1, 0, 0, 0, 0, 0, 0, 0, 0, 1, 1]","[1.0, 0.5, 0.6666666666666666, 0.5, 0.6, 0.5, 0.5714285714285714, 0.5, 0.5555555555555556, 0.6, 0.6363636363636364, 0.5833333333333334, 0.5384615384615384, 0.5, 0.4666666666666667, 0.4375, 0.47058823529411764, 0.5, 0.5263157894736842, 0.55, 0.5238095238095238, 0.5, 0.5217391304347826, 0.5416666666666666, 0.52, 0.5, 0.48148148148148145, 0.4642857142857143, 0.4827586206896552, 0.5, 0.4838709677419355, 0.5, 0.48484848484848486, 0.47058823529411764, 0.4857142857142857, 0.4722222222222222, 0.4864864864864865, 0.5, 0.48717948717948717, 0.5, 0.4878048780487805, 0.5, 0.4883720930232558, 0.5, 0.5111111111111111, 0.5, 0.5106382978723404, 0.5208333333333334, 0.5102040816326531, 0.52]","[0.0, 0.5, 0.3333333333333333, 0.5, 0.4, 0.5, 0.42857142857142855, 0.5, 0.4444444444444444, 0.4, 0.36363636363636365, 0.3333333333333333, 0.38461538461538464, 0.42857142857142855, 0.4666666666666667, 0.5, 0.47058823529411764, 0.4444444444444444, 0.42105263157894735, 0.4, 0.42857142857142855, 0.4090909090909091, 0.391304347826087, 0.375, 0.4, 0.4230769230769231, 0.4074074074074074, 0.42857142857142855, 0.41379310344827586, 0.4, 0.41935483870967744, 0.40625, 0.42424242424242425, 0.4411764705882353, 0.42857142857142855, 0.4444444444444444, 0.43243243243243246, 0.42105263157894735, 0.41025641025641024, 0.4, 0.4146341463414634, 0.40476190476190477, 0.4186046511627907, 0.4090909090909091, 0.4, 0.41304347826086957, 0.40425531914893614, 0.3958333333333333, 0.3877551020408163, 0.38]","[0.0, 0.0, 0.0, 0.0, 0.0, 0.0, 0.0, 0.0, 0.0, 0.0, 0.0, 0.08333333333333333, 0.07692307692307693, 0.07142857142857142, 0.06666666666666667, 0.0625, 0.11764705882352941, 0.1111111111111111, 0.10526315789473684, 0.1, 0.09523809523809523, 0.13636363636363635, 0.17391304347826086, 0.16666666666666666, 0.16, 0.15384615384615385, 0.18518518518518517, 0.17857142857142858, 0.20689655172413793, 0.2, 0.1935483870967742, 0.1875, 0.18181818181818182, 0.17647058823529413, 0.17142857142857143, 0.16666666666666666, 0.16216216216216217, 0.15789473684210525, 0.1794871794871795, 0.2, 0.1951219512195122, 0.19047619047619047, 0.18604651162790697, 0.18181818181818182, 0.17777777777777778, 0.17391304347826086, 0.1702127659574468, 0.16666666666666666, 0.1836734693877551, 0.2]"
tDCS_1_load_1,t2,Male,"['B', 'R', 'A', 'B', 'A', 'B', 'R', 'A', 'R', 'B', 'R', 'B', 'R', 'B', 'R', 'B', 'A', 'B', 'B', 'R', 'B', 'B', 'A', 'B', 'B', 'R', 'B', 'R', 'A', 'A', 'B', 'B', 'R', 'B', 'B', 'R', 'B', 'R', 'B', 'B', 'B', 'B', 'B', 'B', 'B', 'A', 'B', 'A', 'R', 'R']","[3.005, 3.172, 2.633, 2.364, 3.18, 2.626, 2.14, 1.987, 2.626, 2.581, 4.403, 2.65, 3.249, 1.97, 2.613, 2.318, 2.857, 2.662, 2.628, 3.401, 2.357, 4.011, 2.622, 2.462, 2.66, 2.595, 2.88, 2.908, 2.934, 2.554, 3.112, 3.067, 2.917, 2.063, 2.297, 2.506, 2.721, 2.97, 2.864, 2.573, 2.895, 3.115, 3.309, 1.958, 2.221, 2.935, 2.417, 2.412, 2.738, 2.649]","[1, 0, 0, 1, 0, 1, 0, 0, 0, 1, 0, 1, 0, 1, 0, 1, 0, 1, 1, 0, 1, 1, 0, 1, 1, 0, 1, 0, 0, 0, 1, 1, 0, 1, 1, 0, 1, 0, 1, 1, 1, 1, 1, 1, 1, 0, 1, 0, 0, 0]","[0, 1, 0, 0, 0, 0, 1, 0, 1, 0, 1, 0, 1, 0, 1, 0, 0, 0, 0, 1, 0, 0, 0, 0, 0, 1, 0, 1, 0, 0, 0, 0, 1, 0, 0, 1, 0, 1, 0, 0, 0, 0, 0, 0, 0, 0, 0, 0, 1, 1]","[0, 0, 1, 1, 1, 1, 0, 1, 0, 1, 0, 0, 0, 0, 0, 0, 1, 1, 0, 0, 0, 0, 1, 1, 0, 0, 0, 0, 1, 0, 1, 0, 0, 0, 0, 0, 0, 0, 0, 0, 0, 0, 0, 0, 0, 1, 1, 1, 0, 0]","[1.0, 0.5, 0.3333333333333333, 0.5, 0.4, 0.5, 0.42857142857142855, 0.375, 0.3333333333333333, 0.4, 0.36363636363636365, 0.4166666666666667, 0.38461538461538464, 0.42857142857142855, 0.4, 0.4375, 0.4117647058823529, 0.4444444444444444, 0.47368421052631576, 0.45, 0.47619047619047616, 0.5, 0.4782608695652174, 0.5, 0.52, 0.5, 0.5185185185185185, 0.5, 0.4827586206896552, 0.4666666666666667, 0.4838709677419355, 0.5, 0.48484848484848486, 0.5, 0.5142857142857142, 0.5, 0.5135135135135135, 0.5, 0.5128205128205128, 0.525, 0.5365853658536586, 0.5476190476190477, 0.5581395348837209, 0.5681818181818182, 0.5777777777777777, 0.5652173913043478, 0.574468085106383, 0.5625, 0.5510204081632653, 0.54]","[0.0, 0.5, 0.3333333333333333, 0.25, 0.2, 0.16666666666666666, 0.2857142857142857, 0.25, 0.3333333333333333, 0.3, 0.36363636363636365, 0.3333333333333333, 0.38461538461538464, 0.35714285714285715, 0.4, 0.375, 0.35294117647058826, 0.3333333333333333, 0.3157894736842105, 0.35, 0.3333333333333333, 0.3181818181818182, 0.30434782608695654, 0.2916666666666667, 0.28, 0.3076923076923077, 0.2962962962962963, 0.32142857142857145, 0.3103448275862069, 0.3, 0.2903225806451613, 0.28125, 0.30303030303030304, 0.29411764705882354, 0.2857142857142857, 0.3055555555555556, 0.2972972972972973, 0.3157894736842105, 0.3076923076923077, 0.3, 0.2926829268292683, 0.2857142857142857, 0.27906976744186046, 0.2727272727272727, 0.26666666666666666, 0.2608695652173913, 0.2553191489361702, 0.25, 0.2653061224489796, 0.28]","[0.0, 0.0, 0.3333333333333333, 0.5, 0.6, 0.6666666666666666, 0.5714285714285714, 0.625, 0.5555555555555556, 0.6, 0.5454545454545454, 0.5, 0.46153846153846156, 0.42857142857142855, 0.4, 0.375, 0.4117647058823529, 0.4444444444444444, 0.42105263157894735, 0.4, 0.38095238095238093, 0.36363636363636365, 0.391304347826087, 0.4166666666666667, 0.4, 0.38461538461538464, 0.37037037037037035, 0.35714285714285715, 0.3793103448275862, 0.36666666666666664, 0.3870967741935484, 0.375, 0.36363636363636365, 0.35294117647058826, 0.34285714285714286, 0.3333333333333333, 0.32432432432432434, 0.3157894736842105, 0.3076923076923077, 0.3, 0.2926829268292683, 0.2857142857142857, 0.27906976744186046, 0.2727272727272727, 0.26666666666666666, 0.2826086956521739, 0.2978723404255319, 0.3125, 0.30612244897959184, 0.3]"
tDCS_1_load_1,m9,Male,"['B', 'A', 'B', 'A', 'B', 'R', 'B', 'A', 'B', 'A', 'B', 'R', 'B', 'R', 'B', 'A', 'B', 'A', 'B', 'A', 'B', 'B', 'B', 'B', 'R', 'R', 'R', 'B', 'B', 'B', 'B', 'A', 'B', 'B', 'B', 'B', 'A', 'R', 'B', 'B', 'B', 'A', 'B', 'B', 'B', 'B', 'B', 'R', 'B', 'B']","[2.855, 2.826, 2.988, 2.942, 2.188, 2.928, 2.504, 1.915, 3.628, 2.374, 2.609, 3.851, 3.239, 2.803, 2.124, 2.382, 1.69, 2.677, 2.731, 3.694, 3.167, 2.016, 3.095, 3.006, 2.146, 2.75, 3.542, 2.087, 2.411, 2.653, 2.617, 3.795, 2.654, 3.328, 3.417, 3.199, 2.425, 2.715, 3.188, 3.86, 2.053, 2.955, 2.215, 2.616, 2.882, 3.781, 2.67, 3.027, 3.218, 2.81]","[1, 0, 1, 0, 1, 0, 1, 0, 1, 0, 1, 0, 1, 0, 1, 0, 1, 0, 1, 0, 1, 1, 1, 1, 0, 0, 0, 1, 1, 1, 1, 0, 1, 1, 1, 1, 0, 0, 1, 1, 1, 0, 1, 1, 1, 1, 1, 0, 1, 1]","[0, 0, 0, 0, 0, 1, 0, 0, 0, 0, 0, 1, 0, 1, 0, 0, 0, 0, 0, 0, 0, 0, 0, 0, 1, 1, 1, 0, 0, 0, 0, 0, 0, 0, 0, 0, 0, 1, 0, 0, 0, 0, 0, 0, 0, 0, 0, 1, 0, 0]","[0, 1, 1, 1, 1, 0, 0, 1, 1, 1, 1, 0, 0, 0, 0, 1, 1, 1, 1, 1, 1, 0, 0, 0, 0, 0, 0, 0, 0, 0, 0, 1, 1, 0, 0, 0, 1, 0, 1, 0, 0, 1, 1, 0, 0, 0, 0, 0, 0, 0]","[1.0, 0.5, 0.6666666666666666, 0.5, 0.6, 0.5, 0.5714285714285714, 0.5, 0.5555555555555556, 0.5, 0.5454545454545454, 0.5, 0.5384615384615384, 0.5, 0.5333333333333333, 0.5, 0.5294117647058824, 0.5, 0.5263157894736842, 0.5, 0.5238095238095238, 0.5454545454545454, 0.5652173913043478, 0.5833333333333334, 0.56, 0.5384615384615384, 0.5185185185185185, 0.5357142857142857, 0.5517241379310345, 0.5666666666666667, 0.5806451612903226, 0.5625, 0.5757575757575758, 0.5882352941176471, 0.6, 0.6111111111111112, 0.5945945945945946, 0.5789473684210527, 0.5897435897435898, 0.6, 0.6097560975609756, 0.5952380952380952, 0.6046511627906976, 0.6136363636363636, 0.6222222222222222, 0.6304347826086957, 0.6382978723404256, 0.625, 0.6326530612244898, 0.64]","[0.0, 0.0, 0.0, 0.0, 0.0, 0.16666666666666666, 0.14285714285714285, 0.125, 0.1111111111111111, 0.1, 0.09090909090909091, 0.16666666666666666, 0.15384615384615385, 0.21428571428571427, 0.2, 0.1875, 0.17647058823529413, 0.16666666666666666, 0.15789473684210525, 0.15, 0.14285714285714285, 0.13636363636363635, 0.13043478260869565, 0.125, 0.16, 0.19230769230769232, 0.2222222222222222, 0.21428571428571427, 0.20689655172413793, 0.2, 0.1935483870967742, 0.1875, 0.18181818181818182, 0.17647058823529413, 0.17142857142857143, 0.16666666666666666, 0.16216216216216217, 0.18421052631578946, 0.1794871794871795, 0.175, 0.17073170731707318, 0.16666666666666666, 0.16279069767441862, 0.1590909090909091, 0.15555555555555556, 0.15217391304347827, 0.14893617021276595, 0.16666666666666666, 0.16326530612244897, 0.16]","[0.0, 0.5, 0.6666666666666666, 0.75, 0.8, 0.6666666666666666, 0.5714285714285714, 0.625, 0.6666666666666666, 0.7, 0.7272727272727273, 0.6666666666666666, 0.6153846153846154, 0.5714285714285714, 0.5333333333333333, 0.5625, 0.5882352941176471, 0.6111111111111112, 0.631578947368421, 0.65, 0.6666666666666666, 0.6363636363636364, 0.6086956521739131, 0.5833333333333334, 0.56, 0.5384615384615384, 0.5185185185185185, 0.5, 0.4827586206896552, 0.4666666666666667, 0.45161290322580644, 0.46875, 0.48484848484848486, 0.47058823529411764, 0.45714285714285713, 0.4444444444444444, 0.4594594594594595, 0.4473684210526316, 0.46153846153846156, 0.45, 0.43902439024390244, 0.4523809523809524, 0.46511627906976744, 0.45454545454545453, 0.4444444444444444, 0.43478260869565216, 0.425531914893617, 0.4166666666666667, 0.40816326530612246, 0.4]"
tDCS_1_load_1,t3,Female,"['R', 'B', 'R', 'B', 'R', 'B', 'A', 'R', 'B', 'A', 'B', 'B', 'A', 'A', 'B', 'R', 'B', 'R', 'A', 'B', 'B', 'B', 'B', 'R', 'B', 'R', 'B', 'R', 'A', 'A', 'A', 'R', 'R', 'R', 'R', 'B', 'R', 'B', 'B', 'R', 'A', 'B', 'B', 'R', 'A', 'B', 'R', 'A', 'B', 'R']","[2.361, 3.136, 1.829, 3.078, 2.829, 2.431, 3.012, 3.732, 3.842, 2.586, 3.17, 2.879, 2.752, 3.698, 2.709, 3.302, 2.265, 2.895, 3.485, 3.224, 2.794, 2.71, 1.998, 3.613, 2.933, 3.152, 2.397, 2.75, 2.881, 2.845, 3.786, 2.762, 3.295, 1.964, 1.901, 2.934, 2.743, 2.441, 2.574, 1.999, 3.219, 2.655, 3.148, 3.127, 3.229, 3.038, 2.505, 2.608, 2.78, 2.525]","[0, 1, 0, 1, 0, 1, 0, 0, 1, 0, 1, 1, 0, 0, 1, 0, 1, 0, 0, 1, 1, 1, 1, 0, 1, 0, 1, 0, 0, 0, 0, 0, 0, 0, 0, 1, 0, 1, 1, 0, 0, 1, 1, 0, 0, 1, 0, 0, 1, 0]","[1, 0, 1, 0, 1, 0, 0, 1, 0, 0, 0, 0, 0, 0, 0, 1, 0, 1, 0, 0, 0, 0, 0, 1, 0, 1, 0, 1, 0, 0, 0, 1, 1, 1, 1, 0, 1, 0, 0, 1, 0, 0, 0, 1, 0, 0, 1, 0, 0, 1]","[0, 0, 0, 0, 0, 0, 1, 0, 1, 1, 1, 0, 1, 0, 1, 0, 0, 0, 1, 1, 0, 0, 0, 0, 0, 0, 0, 0, 1, 0, 0, 0, 0, 0, 0, 1, 0, 0, 0, 0, 1, 1, 0, 0, 1, 1, 0, 1, 1, 0]","[0.0, 0.5, 0.3333333333333333, 0.5, 0.4, 0.5, 0.42857142857142855, 0.375, 0.4444444444444444, 0.4, 0.45454545454545453, 0.5, 0.46153846153846156, 0.42857142857142855, 0.4666666666666667, 0.4375, 0.47058823529411764, 0.4444444444444444, 0.42105263157894735, 0.45, 0.47619047619047616, 0.5, 0.5217391304347826, 0.5, 0.52, 0.5, 0.5185185185185185, 0.5, 0.4827586206896552, 0.4666666666666667, 0.45161290322580644, 0.4375, 0.42424242424242425, 0.4117647058823529, 0.4, 0.4166666666666667, 0.40540540540540543, 0.42105263157894735, 0.4358974358974359, 0.425, 0.4146341463414634, 0.42857142857142855, 0.4418604651162791, 0.4318181818181818, 0.4222222222222222, 0.43478260869565216, 0.425531914893617, 0.4166666666666667, 0.42857142857142855, 0.42]","[1.0, 0.5, 0.6666666666666666, 0.5, 0.6, 0.5, 0.42857142857142855, 0.5, 0.4444444444444444, 0.4, 0.36363636363636365, 0.3333333333333333, 0.3076923076923077, 0.2857142857142857, 0.26666666666666666, 0.3125, 0.29411764705882354, 0.3333333333333333, 0.3157894736842105, 0.3, 0.2857142857142857, 0.2727272727272727, 0.2608695652173913, 0.2916666666666667, 0.28, 0.3076923076923077, 0.2962962962962963, 0.32142857142857145, 0.3103448275862069, 0.3, 0.2903225806451613, 0.3125, 0.3333333333333333, 0.35294117647058826, 0.37142857142857144, 0.3611111111111111, 0.3783783783783784, 0.3684210526315789, 0.358974358974359, 0.375, 0.36585365853658536, 0.35714285714285715, 0.3488372093023256, 0.36363636363636365, 0.35555555555555557, 0.34782608695652173, 0.3617021276595745, 0.3541666666666667, 0.3469387755102041, 0.36]","[0.0, 0.0, 0.0, 0.0, 0.0, 0.0, 0.14285714285714285, 0.125, 0.2222222222222222, 0.3, 0.36363636363636365, 0.3333333333333333, 0.38461538461538464, 0.35714285714285715, 0.4, 0.375, 0.35294117647058826, 0.3333333333333333, 0.3684210526315789, 0.4, 0.38095238095238093, 0.36363636363636365, 0.34782608695652173, 0.3333333333333333, 0.32, 0.3076923076923077, 0.2962962962962963, 0.2857142857142857, 0.3103448275862069, 0.3, 0.2903225806451613, 0.28125, 0.2727272727272727, 0.2647058823529412, 0.2571428571428571, 0.2777777777777778, 0.2702702702702703, 0.2631578947368421, 0.2564102564102564, 0.25, 0.2682926829268293, 0.2857142857142857, 0.27906976744186046, 0.2727272727272727, 0.28888888888888886, 0.30434782608695654, 0.2978723404255319, 0.3125, 0.32653061224489793, 0.32]"
